trip_id,service_id,trip_short_name,stop_name,time,sequence
BC1WDS,WDS,BC1,Chennai Beach,03:55:00,1
BC1WDS,WDS,BC1,Chennai Fort,03:59:00,2
BC1WDS,WDS,BC1,Chennai Park,04:02:00,3
BC1WDS,WDS,BC1,Chennai Egmore,04:05:00,4
BC1WDS,WDS,BC1,Chetpet,04:09:00,5
BC1WDS,WDS,BC1,Nungambakkam,04:12:00,6
BC1WDS,WDS,BC1,Kodambakkam,04:14:00,7
BC1WDS,WDS,BC1,Mambalam,04:16:00,8
BC1WDS,WDS,BC1,Saidapet,04:19:00,9
BC1WDS,WDS,BC1,Guindy,04:22:00,10
BC1WDS,WDS,BC1,St. Thomas Mount,04:25:00,11
BC1WDS,WDS,BC1,Palavanthangal,04:28:00,12
BC1WDS,WDS,BC1,Minambakkam,04:31:00,13
BC1WDS,WDS,BC1,Tirusulam,04:33:00,14
BC1WDS,WDS,BC1,Pallavaram,04:36:00,15
BC1WDS,WDS,BC1,Chromepet,04:39:00,16
BC1WDS,WDS,BC1,Tambaram Sanatorium,04:42:00,17
BC1WDS,WDS,BC1,Tambaram,04:50:00,18
T1WDS,WDS,T1,Chennai Beach,04:20:00,1
T1WDS,WDS,T1,Chennai Fort,04:24:00,2
T1WDS,WDS,T1,Chennai Park,04:27:00,3
T1WDS,WDS,T1,Chennai Egmore,04:30:00,4
T1WDS,WDS,T1,Chetpet,04:34:00,5
T1WDS,WDS,T1,Nungambakkam,04:37:00,6
T1WDS,WDS,T1,Kodambakkam,04:39:00,7
T1WDS,WDS,T1,Mambalam,04:41:00,8
T1WDS,WDS,T1,Saidapet,04:44:00,9
T1WDS,WDS,T1,Guindy,04:47:00,10
T1WDS,WDS,T1,St. Thomas Mount,04:50:00,11
T1WDS,WDS,T1,Palavanthangal,04:53:00,12
T1WDS,WDS,T1,Minambakkam,04:56:00,13
T1WDS,WDS,T1,Tirusulam,04:58:00,14
T1WDS,WDS,T1,Pallavaram,05:01:00,15
T1WDS,WDS,T1,Chromepet,05:04:00,16
T1WDS,WDS,T1,Tambaram Sanatorium,05:07:00,17
T1WDS,WDS,T1,Tambaram,05:15:00,18
BC3WDS,WDS,BC3,Chennai Beach,04:40:00,1
BC3WDS,WDS,BC3,Chennai Fort,04:44:00,2
BC3WDS,WDS,BC3,Chennai Park,04:47:00,3
BC3WDS,WDS,BC3,Chennai Egmore,04:50:00,4
BC3WDS,WDS,BC3,Chetpet,04:54:00,5
BC3WDS,WDS,BC3,Nungambakkam,04:57:00,6
BC3WDS,WDS,BC3,Kodambakkam,04:59:00,7
BC3WDS,WDS,BC3,Mambalam,05:01:00,8
BC3WDS,WDS,BC3,Saidapet,05:04:00,9
BC3WDS,WDS,BC3,Guindy,05:07:00,10
BC3WDS,WDS,BC3,St. Thomas Mount,05:10:00,11
BC3WDS,WDS,BC3,Palavanthangal,05:13:00,12
BC3WDS,WDS,BC3,Minambakkam,05:16:00,13
BC3WDS,WDS,BC3,Tirusulam,05:18:00,14
BC3WDS,WDS,BC3,Pallavaram,05:21:00,15
BC3WDS,WDS,BC3,Chromepet,05:24:00,16
BC3WDS,WDS,BC3,Tambaram Sanatorium,05:27:00,17
BC3WDS,WDS,BC3,Tambaram,05:35:00,18
BC5WDS,WDS,BC5,Chennai Beach,05:00:00,1
BC5WDS,WDS,BC5,Chennai Fort,05:04:00,2
BC5WDS,WDS,BC5,Chennai Park,05:07:00,3
BC5WDS,WDS,BC5,Chennai Egmore,05:10:00,4
BC5WDS,WDS,BC5,Chetpet,05:14:00,5
BC5WDS,WDS,BC5,Nungambakkam,05:17:00,6
BC5WDS,WDS,BC5,Kodambakkam,05:19:00,7
BC5WDS,WDS,BC5,Mambalam,05:21:00,8
BC5WDS,WDS,BC5,Saidapet,05:24:00,9
BC5WDS,WDS,BC5,Guindy,05:27:00,10
BC5WDS,WDS,BC5,St. Thomas Mount,05:30:00,11
BC5WDS,WDS,BC5,Palavanthangal,05:33:00,12
BC5WDS,WDS,BC5,Minambakkam,05:36:00,13
BC5WDS,WDS,BC5,Tirusulam,05:38:00,14
BC5WDS,WDS,BC5,Pallavaram,05:41:00,15
BC5WDS,WDS,BC5,Chromepet,05:44:00,16
BC5WDS,WDS,BC5,Tambaram Sanatorium,05:47:00,17
BC5WDS,WDS,BC5,Tambaram,05:55:00,18
BC7WDS,WDS,BC7,Chennai Beach,05:20:00,1
BC7WDS,WDS,BC7,Chennai Fort,05:24:00,2
BC7WDS,WDS,BC7,Chennai Park,05:27:00,3
BC7WDS,WDS,BC7,Chennai Egmore,05:30:00,4
BC7WDS,WDS,BC7,Chetpet,05:34:00,5
BC7WDS,WDS,BC7,Nungambakkam,05:37:00,6
BC7WDS,WDS,BC7,Kodambakkam,05:39:00,7
BC7WDS,WDS,BC7,Mambalam,05:41:00,8
BC7WDS,WDS,BC7,Saidapet,05:44:00,9
BC7WDS,WDS,BC7,Guindy,05:47:00,10
BC7WDS,WDS,BC7,St. Thomas Mount,05:50:00,11
BC7WDS,WDS,BC7,Palavanthangal,05:53:00,12
BC7WDS,WDS,BC7,Minambakkam,05:56:00,13
BC7WDS,WDS,BC7,Tirusulam,05:58:00,14
BC7WDS,WDS,BC7,Pallavaram,06:01:00,15
BC7WDS,WDS,BC7,Chromepet,06:04:00,16
BC7WDS,WDS,BC7,Tambaram Sanatorium,06:07:00,17
BC7WDS,WDS,BC7,Tambaram,06:15:00,18
BC9WDS,WDS,BC9,Chennai Beach,05:40:00,1
BC9WDS,WDS,BC9,Chennai Fort,05:44:00,2
BC9WDS,WDS,BC9,Chennai Park,05:47:00,3
BC9WDS,WDS,BC9,Chennai Egmore,05:50:00,4
BC9WDS,WDS,BC9,Chetpet,05:54:00,5
BC9WDS,WDS,BC9,Nungambakkam,05:57:00,6
BC9WDS,WDS,BC9,Kodambakkam,05:59:00,7
BC9WDS,WDS,BC9,Mambalam,06:01:00,8
BC9WDS,WDS,BC9,Saidapet,06:04:00,9
BC9WDS,WDS,BC9,Guindy,06:07:00,10
BC9WDS,WDS,BC9,St. Thomas Mount,06:10:00,11
BC9WDS,WDS,BC9,Palavanthangal,06:13:00,12
BC9WDS,WDS,BC9,Minambakkam,06:16:00,13
BC9WDS,WDS,BC9,Tirusulam,06:18:00,14
BC9WDS,WDS,BC9,Pallavaram,06:21:00,15
BC9WDS,WDS,BC9,Chromepet,06:24:00,16
BC9WDS,WDS,BC9,Tambaram Sanatorium,06:27:00,17
BC9WDS,WDS,BC9,Tambaram,06:35:00,18
T3WDS,WDS,T3,Chennai Beach,06:00:00,1
T3WDS,WDS,T3,Chennai Fort,06:04:00,2
T3WDS,WDS,T3,Chennai Park,06:07:00,3
T3WDS,WDS,T3,Chennai Egmore,06:10:00,4
T3WDS,WDS,T3,Chetpet,06:14:00,5
T3WDS,WDS,T3,Nungambakkam,06:17:00,6
T3WDS,WDS,T3,Kodambakkam,06:19:00,7
T3WDS,WDS,T3,Mambalam,06:21:00,8
T3WDS,WDS,T3,Saidapet,06:24:00,9
T3WDS,WDS,T3,Guindy,06:27:00,10
T3WDS,WDS,T3,St. Thomas Mount,06:30:00,11
T3WDS,WDS,T3,Palavanthangal,06:33:00,12
T3WDS,WDS,T3,Minambakkam,06:36:00,13
T3WDS,WDS,T3,Tirusulam,06:38:00,14
T3WDS,WDS,T3,Pallavaram,06:41:00,15
T3WDS,WDS,T3,Chromepet,06:44:00,16
T3WDS,WDS,T3,Tambaram Sanatorium,06:47:00,17
T3WDS,WDS,T3,Tambaram,06:55:00,18
BC11WDS,WDS,BC11,Chennai Beach,06:10:00,1
BC11WDS,WDS,BC11,Chennai Fort,06:14:00,2
BC11WDS,WDS,BC11,Chennai Park,06:17:00,3
BC11WDS,WDS,BC11,Chennai Egmore,06:20:00,4
BC11WDS,WDS,BC11,Chetpet,06:24:00,5
BC11WDS,WDS,BC11,Nungambakkam,06:27:00,6
BC11WDS,WDS,BC11,Kodambakkam,06:29:00,7
BC11WDS,WDS,BC11,Mambalam,06:31:00,8
BC11WDS,WDS,BC11,Saidapet,06:34:00,9
BC11WDS,WDS,BC11,Guindy,06:37:00,10
BC11WDS,WDS,BC11,St. Thomas Mount,06:40:00,11
BC11WDS,WDS,BC11,Palavanthangal,06:43:00,12
BC11WDS,WDS,BC11,Minambakkam,06:46:00,13
BC11WDS,WDS,BC11,Tirusulam,06:48:00,14
BC11WDS,WDS,BC11,Pallavaram,06:51:00,15
BC11WDS,WDS,BC11,Chromepet,06:54:00,16
BC11WDS,WDS,BC11,Tambaram Sanatorium,06:57:00,17
BC11WDS,WDS,BC11,Tambaram,07:05:00,18
T5WDS,WDS,T5,Chennai Beach,06:20:00,1
T5WDS,WDS,T5,Chennai Fort,06:24:00,2
T5WDS,WDS,T5,Chennai Park,06:27:00,3
T5WDS,WDS,T5,Chennai Egmore,06:30:00,4
T5WDS,WDS,T5,Chetpet,06:34:00,5
T5WDS,WDS,T5,Nungambakkam,06:37:00,6
T5WDS,WDS,T5,Kodambakkam,06:39:00,7
T5WDS,WDS,T5,Mambalam,06:41:00,8
T5WDS,WDS,T5,Saidapet,06:44:00,9
T5WDS,WDS,T5,Guindy,06:47:00,10
T5WDS,WDS,T5,St. Thomas Mount,06:50:00,11
T5WDS,WDS,T5,Palavanthangal,06:53:00,12
T5WDS,WDS,T5,Minambakkam,06:56:00,13
T5WDS,WDS,T5,Tirusulam,06:58:00,14
T5WDS,WDS,T5,Pallavaram,07:01:00,15
T5WDS,WDS,T5,Chromepet,07:04:00,16
T5WDS,WDS,T5,Tambaram Sanatorium,07:07:00,17
T5WDS,WDS,T5,Tambaram,07:15:00,18
BC13WDS,WDS,BC13,Chennai Beach,06:30:00,1
BC13WDS,WDS,BC13,Chennai Fort,06:34:00,2
BC13WDS,WDS,BC13,Chennai Park,06:37:00,3
BC13WDS,WDS,BC13,Chennai Egmore,06:40:00,4
BC13WDS,WDS,BC13,Chetpet,06:44:00,5
BC13WDS,WDS,BC13,Nungambakkam,06:47:00,6
BC13WDS,WDS,BC13,Kodambakkam,06:49:00,7
BC13WDS,WDS,BC13,Mambalam,06:51:00,8
BC13WDS,WDS,BC13,Saidapet,06:54:00,9
BC13WDS,WDS,BC13,Guindy,06:57:00,10
BC13WDS,WDS,BC13,St. Thomas Mount,07:00:00,11
BC13WDS,WDS,BC13,Palavanthangal,07:03:00,12
BC13WDS,WDS,BC13,Minambakkam,07:06:00,13
BC13WDS,WDS,BC13,Tirusulam,07:08:00,14
BC13WDS,WDS,BC13,Pallavaram,07:11:00,15
BC13WDS,WDS,BC13,Chromepet,07:14:00,16
BC13WDS,WDS,BC13,Tambaram Sanatorium,07:17:00,17
BC13WDS,WDS,BC13,Tambaram,07:25:00,18
BC15WDS,WDS,BC15,Chennai Beach,06:45:00,1
BC15WDS,WDS,BC15,Chennai Fort,06:49:00,2
BC15WDS,WDS,BC15,Chennai Park,06:52:00,3
BC15WDS,WDS,BC15,Chennai Egmore,06:55:00,4
BC15WDS,WDS,BC15,Chetpet,06:59:00,5
BC15WDS,WDS,BC15,Nungambakkam,07:02:00,6
BC15WDS,WDS,BC15,Kodambakkam,07:04:00,7
BC15WDS,WDS,BC15,Mambalam,07:06:00,8
BC15WDS,WDS,BC15,Saidapet,07:09:00,9
BC15WDS,WDS,BC15,Guindy,07:12:00,10
BC15WDS,WDS,BC15,St. Thomas Mount,07:15:00,11
BC15WDS,WDS,BC15,Palavanthangal,07:18:00,12
BC15WDS,WDS,BC15,Minambakkam,07:21:00,13
BC15WDS,WDS,BC15,Tirusulam,07:23:00,14
BC15WDS,WDS,BC15,Pallavaram,07:26:00,15
BC15WDS,WDS,BC15,Chromepet,07:29:00,16
BC15WDS,WDS,BC15,Tambaram Sanatorium,07:32:00,17
BC15WDS,WDS,BC15,Tambaram,07:40:00,18
T7WDS,WDS,T7,Chennai Beach,06:55:00,1
T7WDS,WDS,T7,Chennai Fort,06:59:00,2
T7WDS,WDS,T7,Chennai Park,07:02:00,3
T7WDS,WDS,T7,Chennai Egmore,07:05:00,4
T7WDS,WDS,T7,Chetpet,07:09:00,5
T7WDS,WDS,T7,Nungambakkam,07:12:00,6
T7WDS,WDS,T7,Kodambakkam,07:14:00,7
T7WDS,WDS,T7,Mambalam,07:16:00,8
T7WDS,WDS,T7,Saidapet,07:19:00,9
T7WDS,WDS,T7,Guindy,07:22:00,10
T7WDS,WDS,T7,St. Thomas Mount,07:25:00,11
T7WDS,WDS,T7,Palavanthangal,07:28:00,12
T7WDS,WDS,T7,Minambakkam,07:31:00,13
T7WDS,WDS,T7,Tirusulam,07:33:00,14
T7WDS,WDS,T7,Pallavaram,07:36:00,15
T7WDS,WDS,T7,Chromepet,07:39:00,16
T7WDS,WDS,T7,Tambaram Sanatorium,07:42:00,17
T7WDS,WDS,T7,Tambaram,07:50:00,18
BTL1WDS,WDS,BTL1,Chennai Beach,07:05:00,1
BTL1WDS,WDS,BTL1,Chennai Fort,07:09:00,2
BTL1WDS,WDS,BTL1,Chennai Park,07:12:00,3
BTL1WDS,WDS,BTL1,Chennai Egmore,07:15:00,4
BTL1WDS,WDS,BTL1,Chetpet,07:19:00,5
BTL1WDS,WDS,BTL1,Nungambakkam,07:22:00,6
BTL1WDS,WDS,BTL1,Kodambakkam,07:24:00,7
BTL1WDS,WDS,BTL1,Mambalam,07:26:00,8
BTL1WDS,WDS,BTL1,Saidapet,07:29:00,9
BTL1WDS,WDS,BTL1,Guindy,07:32:00,10
BTL1WDS,WDS,BTL1,St. Thomas Mount,07:35:00,11
BTL1WDS,WDS,BTL1,Palavanthangal,07:38:00,12
BTL1WDS,WDS,BTL1,Minambakkam,07:41:00,13
BTL1WDS,WDS,BTL1,Tirusulam,07:43:00,14
BTL1WDS,WDS,BTL1,Pallavaram,07:46:00,15
BTL1WDS,WDS,BTL1,Chromepet,07:49:00,16
BTL1WDS,WDS,BTL1,Tambaram Sanatorium,07:52:00,17
BTL1WDS,WDS,BTL1,Tambaram,08:00:00,18
T9WDS,WDS,T9,Chennai Beach,07:15:00,1
T9WDS,WDS,T9,Chennai Fort,07:19:00,2
T9WDS,WDS,T9,Chennai Park,07:22:00,3
T9WDS,WDS,T9,Chennai Egmore,07:25:00,4
T9WDS,WDS,T9,Chetpet,07:29:00,5
T9WDS,WDS,T9,Nungambakkam,07:32:00,6
T9WDS,WDS,T9,Kodambakkam,07:34:00,7
T9WDS,WDS,T9,Mambalam,07:36:00,8
T9WDS,WDS,T9,Saidapet,07:39:00,9
T9WDS,WDS,T9,Guindy,07:42:00,10
T9WDS,WDS,T9,St. Thomas Mount,07:45:00,11
T9WDS,WDS,T9,Palavanthangal,07:48:00,12
T9WDS,WDS,T9,Minambakkam,07:51:00,13
T9WDS,WDS,T9,Tirusulam,07:53:00,14
T9WDS,WDS,T9,Pallavaram,07:56:00,15
T9WDS,WDS,T9,Chromepet,07:59:00,16
T9WDS,WDS,T9,Tambaram Sanatorium,08:02:00,17
T9WDS,WDS,T9,Tambaram,08:10:00,18
T11WDS,WDS,T11,Chennai Beach,07:22:00,1
T11WDS,WDS,T11,Chennai Fort,07:26:00,2
T11WDS,WDS,T11,Chennai Park,07:29:00,3
T11WDS,WDS,T11,Chennai Egmore,07:32:00,4
T11WDS,WDS,T11,Chetpet,07:36:00,5
T11WDS,WDS,T11,Nungambakkam,07:39:00,6
T11WDS,WDS,T11,Kodambakkam,07:41:00,7
T11WDS,WDS,T11,Mambalam,07:43:00,8
T11WDS,WDS,T11,Saidapet,07:46:00,9
T11WDS,WDS,T11,Guindy,07:49:00,10
T11WDS,WDS,T11,St. Thomas Mount,07:52:00,11
T11WDS,WDS,T11,Palavanthangal,07:55:00,12
T11WDS,WDS,T11,Minambakkam,07:58:00,13
T11WDS,WDS,T11,Tirusulam,08:00:00,14
T11WDS,WDS,T11,Pallavaram,08:03:00,15
T11WDS,WDS,T11,Chromepet,08:06:00,16
T11WDS,WDS,T11,Tambaram Sanatorium,08:09:00,17
T11WDS,WDS,T11,Tambaram,08:17:00,18
T13WDS,WDS,T13,Chennai Beach,07:30:00,1
T13WDS,WDS,T13,Chennai Fort,07:34:00,2
T13WDS,WDS,T13,Chennai Park,07:37:00,3
T13WDS,WDS,T13,Chennai Egmore,07:40:00,4
T13WDS,WDS,T13,Chetpet,07:44:00,5
T13WDS,WDS,T13,Nungambakkam,07:47:00,6
T13WDS,WDS,T13,Kodambakkam,07:49:00,7
T13WDS,WDS,T13,Mambalam,07:51:00,8
T13WDS,WDS,T13,Saidapet,07:54:00,9
T13WDS,WDS,T13,Guindy,07:57:00,10
T13WDS,WDS,T13,St. Thomas Mount,08:00:00,11
T13WDS,WDS,T13,Palavanthangal,08:03:00,12
T13WDS,WDS,T13,Minambakkam,08:06:00,13
T13WDS,WDS,T13,Tirusulam,08:08:00,14
T13WDS,WDS,T13,Pallavaram,08:11:00,15
T13WDS,WDS,T13,Chromepet,08:14:00,16
T13WDS,WDS,T13,Tambaram Sanatorium,08:17:00,17
T13WDS,WDS,T13,Tambaram,08:25:00,18
BC17WDS,WDS,BC17,Chennai Beach,07:38:00,1
BC17WDS,WDS,BC17,Chennai Fort,07:42:00,2
BC17WDS,WDS,BC17,Chennai Park,07:45:00,3
BC17WDS,WDS,BC17,Chennai Egmore,07:48:00,4
BC17WDS,WDS,BC17,Chetpet,07:52:00,5
BC17WDS,WDS,BC17,Nungambakkam,07:55:00,6
BC17WDS,WDS,BC17,Kodambakkam,07:57:00,7
BC17WDS,WDS,BC17,Mambalam,07:59:00,8
BC17WDS,WDS,BC17,Saidapet,08:02:00,9
BC17WDS,WDS,BC17,Guindy,08:05:00,10
BC17WDS,WDS,BC17,St. Thomas Mount,08:08:00,11
BC17WDS,WDS,BC17,Palavanthangal,08:11:00,12
BC17WDS,WDS,BC17,Minambakkam,08:14:00,13
BC17WDS,WDS,BC17,Tirusulam,08:16:00,14
BC17WDS,WDS,BC17,Pallavaram,08:19:00,15
BC17WDS,WDS,BC17,Chromepet,08:22:00,16
BC17WDS,WDS,BC17,Tambaram Sanatorium,08:25:00,17
BC17WDS,WDS,BC17,Tambaram,08:33:00,18
T15WDS,WDS,T15,Chennai Beach,07:47:00,1
T15WDS,WDS,T15,Chennai Fort,07:51:00,2
T15WDS,WDS,T15,Chennai Park,07:54:00,3
T15WDS,WDS,T15,Chennai Egmore,07:57:00,4
T15WDS,WDS,T15,Chetpet,08:01:00,5
T15WDS,WDS,T15,Nungambakkam,08:04:00,6
T15WDS,WDS,T15,Kodambakkam,08:06:00,7
T15WDS,WDS,T15,Mambalam,08:08:00,8
T15WDS,WDS,T15,Saidapet,08:11:00,9
T15WDS,WDS,T15,Guindy,08:14:00,10
T15WDS,WDS,T15,St. Thomas Mount,08:17:00,11
T15WDS,WDS,T15,Palavanthangal,08:20:00,12
T15WDS,WDS,T15,Minambakkam,08:23:00,13
T15WDS,WDS,T15,Tirusulam,08:25:00,14
T15WDS,WDS,T15,Pallavaram,08:28:00,15
T15WDS,WDS,T15,Chromepet,08:31:00,16
T15WDS,WDS,T15,Tambaram Sanatorium,08:34:00,17
T15WDS,WDS,T15,Tambaram,08:42:00,18
T17WDS,WDS,T17,Chennai Beach,07:57:00,1
T17WDS,WDS,T17,Chennai Fort,08:01:00,2
T17WDS,WDS,T17,Chennai Park,08:04:00,3
T17WDS,WDS,T17,Chennai Egmore,08:07:00,4
T17WDS,WDS,T17,Chetpet,08:11:00,5
T17WDS,WDS,T17,Nungambakkam,08:14:00,6
T17WDS,WDS,T17,Kodambakkam,08:16:00,7
T17WDS,WDS,T17,Mambalam,08:18:00,8
T17WDS,WDS,T17,Saidapet,08:21:00,9
T17WDS,WDS,T17,Guindy,08:24:00,10
T17WDS,WDS,T17,St. Thomas Mount,08:27:00,11
T17WDS,WDS,T17,Palavanthangal,08:30:00,12
T17WDS,WDS,T17,Minambakkam,08:33:00,13
T17WDS,WDS,T17,Tirusulam,08:35:00,14
T17WDS,WDS,T17,Pallavaram,08:38:00,15
T17WDS,WDS,T17,Chromepet,08:41:00,16
T17WDS,WDS,T17,Tambaram Sanatorium,08:44:00,17
T17WDS,WDS,T17,Tambaram,08:52:00,18
T19WDS,WDS,T19,Chennai Beach,08:05:00,1
T19WDS,WDS,T19,Chennai Fort,08:09:00,2
T19WDS,WDS,T19,Chennai Park,08:12:00,3
T19WDS,WDS,T19,Chennai Egmore,08:15:00,4
T19WDS,WDS,T19,Chetpet,08:19:00,5
T19WDS,WDS,T19,Nungambakkam,08:22:00,6
T19WDS,WDS,T19,Kodambakkam,08:24:00,7
T19WDS,WDS,T19,Mambalam,08:26:00,8
T19WDS,WDS,T19,Saidapet,08:29:00,9
T19WDS,WDS,T19,Guindy,08:32:00,10
T19WDS,WDS,T19,St. Thomas Mount,08:35:00,11
T19WDS,WDS,T19,Palavanthangal,08:38:00,12
T19WDS,WDS,T19,Minambakkam,08:41:00,13
T19WDS,WDS,T19,Tirusulam,08:43:00,14
T19WDS,WDS,T19,Pallavaram,08:46:00,15
T19WDS,WDS,T19,Chromepet,08:49:00,16
T19WDS,WDS,T19,Tambaram Sanatorium,08:52:00,17
T19WDS,WDS,T19,Tambaram,09:00:00,18
T21WDS,WDS,T21,Chennai Beach,08:12:00,1
T21WDS,WDS,T21,Chennai Fort,08:16:00,2
T21WDS,WDS,T21,Chennai Park,08:19:00,3
T21WDS,WDS,T21,Chennai Egmore,08:22:00,4
T21WDS,WDS,T21,Chetpet,08:26:00,5
T21WDS,WDS,T21,Nungambakkam,08:29:00,6
T21WDS,WDS,T21,Kodambakkam,08:31:00,7
T21WDS,WDS,T21,Mambalam,08:33:00,8
T21WDS,WDS,T21,Saidapet,08:36:00,9
T21WDS,WDS,T21,Guindy,08:39:00,10
T21WDS,WDS,T21,St. Thomas Mount,08:42:00,11
T21WDS,WDS,T21,Palavanthangal,08:45:00,12
T21WDS,WDS,T21,Minambakkam,08:48:00,13
T21WDS,WDS,T21,Tirusulam,08:50:00,14
T21WDS,WDS,T21,Pallavaram,08:53:00,15
T21WDS,WDS,T21,Chromepet,08:56:00,16
T21WDS,WDS,T21,Tambaram Sanatorium,08:59:00,17
T21WDS,WDS,T21,Tambaram,09:07:00,18
T23WDS,WDS,T23,Chennai Beach,08:19:00,1
T23WDS,WDS,T23,Chennai Fort,08:23:00,2
T23WDS,WDS,T23,Chennai Park,08:26:00,3
T23WDS,WDS,T23,Chennai Egmore,08:29:00,4
T23WDS,WDS,T23,Chetpet,08:33:00,5
T23WDS,WDS,T23,Nungambakkam,08:36:00,6
T23WDS,WDS,T23,Kodambakkam,08:38:00,7
T23WDS,WDS,T23,Mambalam,08:40:00,8
T23WDS,WDS,T23,Saidapet,08:43:00,9
T23WDS,WDS,T23,Guindy,08:46:00,10
T23WDS,WDS,T23,St. Thomas Mount,08:49:00,11
T23WDS,WDS,T23,Palavanthangal,08:51:00,12
T23WDS,WDS,T23,Minambakkam,08:54:00,13
T23WDS,WDS,T23,Tirusulam,08:56:00,14
T23WDS,WDS,T23,Pallavaram,08:58:00,15
107PWDS,WDS,107P,Chennai Beach,08:25:00,1
107PWDS,WDS,107P,Chennai Fort,08:29:00,2
107PWDS,WDS,107P,Chennai Park,08:32:00,3
107PWDS,WDS,107P,Chennai Egmore,08:35:00,4
107PWDS,WDS,107P,Chetpet,08:39:00,5
107PWDS,WDS,107P,Nungambakkam,08:42:00,6
107PWDS,WDS,107P,Kodambakkam,08:44:00,7
107PWDS,WDS,107P,Mambalam,08:46:00,8
107PWDS,WDS,107P,Saidapet,08:49:00,9
107PWDS,WDS,107P,Guindy,08:52:00,10
107PWDS,WDS,107P,St. Thomas Mount,08:55:00,11
107PWDS,WDS,107P,Palavanthangal,08:58:00,12
107PWDS,WDS,107P,Minambakkam,09:01:00,13
107PWDS,WDS,107P,Tirusulam,09:03:00,14
107PWDS,WDS,107P,Pallavaram,09:08:00,15
107PWDS,WDS,107P,Chromepet,09:11:00,16
107PWDS,WDS,107P,Tambaram Sanatorium,09:14:00,17
107PWDS,WDS,107P,Tambaram,09:20:00,18
T25WDS,WDS,T25,Chennai Beach,08:32:00,1
T25WDS,WDS,T25,Chennai Egmore,08:42:00,4
T25WDS,WDS,T25,Mambalam,08:49:00,8
T25WDS,WDS,T25,Guindy,08:54:00,10
T25WDS,WDS,T25,St. Thomas Mount,08:58:00,11
T27WDS,WDS,T27,Chennai Beach,08:37:00,1
T27WDS,WDS,T27,Chennai Fort,08:41:00,2
T27WDS,WDS,T27,Chennai Park,08:44:00,3
T27WDS,WDS,T27,Chennai Egmore,08:47:00,4
T27WDS,WDS,T27,Chetpet,08:51:00,5
T27WDS,WDS,T27,Nungambakkam,08:54:00,6
T27WDS,WDS,T27,Kodambakkam,08:56:00,7
T27WDS,WDS,T27,Mambalam,08:58:00,8
T27WDS,WDS,T27,Saidapet,09:01:00,9
T27WDS,WDS,T27,Guindy,09:04:00,10
T27WDS,WDS,T27,St. Thomas Mount,09:07:00,11
T27WDS,WDS,T27,Palavanthangal,09:10:00,12
T27WDS,WDS,T27,Minambakkam,09:13:00,13
T27WDS,WDS,T27,Tirusulam,09:15:00,14
T27WDS,WDS,T27,Pallavaram,09:18:00,15
T27WDS,WDS,T27,Chromepet,09:21:00,16
T27WDS,WDS,T27,Tambaram Sanatorium,09:24:00,17
T27WDS,WDS,T27,Tambaram,09:32:00,18
T29WDS,WDS,T29,Chennai Beach,08:46:00,1
T29WDS,WDS,T29,Chennai Fort,08:50:00,2
T29WDS,WDS,T29,Chennai Park,08:53:00,3
T29WDS,WDS,T29,Chennai Egmore,08:56:00,4
T29WDS,WDS,T29,Chetpet,09:00:00,5
T29WDS,WDS,T29,Nungambakkam,09:03:00,6
T29WDS,WDS,T29,Kodambakkam,09:05:00,7
T29WDS,WDS,T29,Mambalam,09:07:00,8
T29WDS,WDS,T29,Saidapet,09:10:00,9
T29WDS,WDS,T29,Guindy,09:13:00,10
T29WDS,WDS,T29,St. Thomas Mount,09:16:00,11
T29WDS,WDS,T29,Palavanthangal,09:19:00,12
T29WDS,WDS,T29,Minambakkam,09:22:00,13
T29WDS,WDS,T29,Tirusulam,09:24:00,14
T29WDS,WDS,T29,Pallavaram,09:27:00,15
T29WDS,WDS,T29,Chromepet,09:30:00,16
T29WDS,WDS,T29,Tambaram Sanatorium,09:33:00,17
T29WDS,WDS,T29,Tambaram,09:41:00,18
BC19WDS,WDS,BC19,Chennai Beach,08:56:00,1
BC19WDS,WDS,BC19,Chennai Fort,09:00:00,2
BC19WDS,WDS,BC19,Chennai Park,09:03:00,3
BC19WDS,WDS,BC19,Chennai Egmore,09:06:00,4
BC19WDS,WDS,BC19,Chetpet,09:10:00,5
BC19WDS,WDS,BC19,Nungambakkam,09:13:00,6
BC19WDS,WDS,BC19,Kodambakkam,09:15:00,7
BC19WDS,WDS,BC19,Mambalam,09:17:00,8
BC19WDS,WDS,BC19,Saidapet,09:20:00,9
BC19WDS,WDS,BC19,Guindy,09:23:00,10
BC19WDS,WDS,BC19,St. Thomas Mount,09:26:00,11
BC19WDS,WDS,BC19,Palavanthangal,09:29:00,12
BC19WDS,WDS,BC19,Minambakkam,09:32:00,13
BC19WDS,WDS,BC19,Tirusulam,09:34:00,14
BC19WDS,WDS,BC19,Pallavaram,09:37:00,15
BC19WDS,WDS,BC19,Chromepet,09:40:00,16
BC19WDS,WDS,BC19,Tambaram Sanatorium,09:43:00,17
BC19WDS,WDS,BC19,Tambaram,09:51:00,18
T31WDS,WDS,T31,Chennai Beach,09:02:00,1
T31WDS,WDS,T31,Chennai Fort,09:06:00,2
T31WDS,WDS,T31,Chennai Park,09:09:00,3
T31WDS,WDS,T31,Chennai Egmore,09:12:00,4
T31WDS,WDS,T31,Chetpet,09:16:00,5
T31WDS,WDS,T31,Nungambakkam,09:19:00,6
T31WDS,WDS,T31,Kodambakkam,09:21:00,7
T31WDS,WDS,T31,Mambalam,09:23:00,8
T31WDS,WDS,T31,Saidapet,09:26:00,9
T31WDS,WDS,T31,Guindy,09:29:00,10
T31WDS,WDS,T31,St. Thomas Mount,09:32:00,11
T31WDS,WDS,T31,Palavanthangal,09:35:00,12
T31WDS,WDS,T31,Minambakkam,09:38:00,13
T31WDS,WDS,T31,Tirusulam,09:40:00,14
T31WDS,WDS,T31,Pallavaram,09:43:00,15
T31WDS,WDS,T31,Chromepet,09:46:00,16
T31WDS,WDS,T31,Tambaram Sanatorium,09:49:00,17
T31WDS,WDS,T31,Tambaram,09:57:00,18
T33WDS,WDS,T33,Chennai Beach,09:07:00,1
T33WDS,WDS,T33,Chennai Fort,09:11:00,2
T33WDS,WDS,T33,Chennai Park,09:14:00,3
T33WDS,WDS,T33,Chennai Egmore,09:17:00,4
T33WDS,WDS,T33,Chetpet,09:21:00,5
T33WDS,WDS,T33,Nungambakkam,09:24:00,6
T33WDS,WDS,T33,Kodambakkam,09:26:00,7
T33WDS,WDS,T33,Mambalam,09:28:00,8
T33WDS,WDS,T33,Saidapet,09:31:00,9
T33WDS,WDS,T33,Guindy,09:34:00,10
T33WDS,WDS,T33,St. Thomas Mount,09:37:00,11
T33WDS,WDS,T33,Palavanthangal,09:40:00,12
T33WDS,WDS,T33,Minambakkam,09:43:00,13
T33WDS,WDS,T33,Tirusulam,09:45:00,14
T33WDS,WDS,T33,Pallavaram,09:48:00,15
T33WDS,WDS,T33,Chromepet,09:51:00,16
T33WDS,WDS,T33,Tambaram Sanatorium,09:54:00,17
T33WDS,WDS,T33,Tambaram,10:02:00,18
T35WDS,WDS,T35,Chennai Beach,09:16:00,1
T35WDS,WDS,T35,Chennai Fort,09:20:00,2
T35WDS,WDS,T35,Chennai Park,09:23:00,3
T35WDS,WDS,T35,Chennai Egmore,09:26:00,4
T35WDS,WDS,T35,Chetpet,09:30:00,5
T35WDS,WDS,T35,Nungambakkam,09:33:00,6
T35WDS,WDS,T35,Kodambakkam,09:35:00,7
T35WDS,WDS,T35,Mambalam,09:37:00,8
T35WDS,WDS,T35,Saidapet,09:40:00,9
T35WDS,WDS,T35,Guindy,09:43:00,10
T35WDS,WDS,T35,St. Thomas Mount,09:46:00,11
T35WDS,WDS,T35,Palavanthangal,09:49:00,12
T35WDS,WDS,T35,Minambakkam,09:52:00,13
T35WDS,WDS,T35,Tirusulam,09:54:00,14
T35WDS,WDS,T35,Pallavaram,09:57:00,15
T35WDS,WDS,T35,Chromepet,10:00:00,16
T35WDS,WDS,T35,Tambaram Sanatorium,10:03:00,17
T35WDS,WDS,T35,Tambaram,10:11:00,18
T37WDS,WDS,T37,Chennai Beach,09:21:00,1
T37WDS,WDS,T37,Chennai Fort,09:25:00,2
T37WDS,WDS,T37,Chennai Park,09:28:00,3
T37WDS,WDS,T37,Chennai Egmore,09:31:00,4
T37WDS,WDS,T37,Chetpet,09:35:00,5
T37WDS,WDS,T37,Nungambakkam,09:38:00,6
T37WDS,WDS,T37,Kodambakkam,09:40:00,7
T37WDS,WDS,T37,Mambalam,09:42:00,8
T37WDS,WDS,T37,Saidapet,09:45:00,9
T37WDS,WDS,T37,Guindy,09:48:00,10
T37WDS,WDS,T37,St. Thomas Mount,09:51:00,11
T37WDS,WDS,T37,Palavanthangal,09:54:00,12
T37WDS,WDS,T37,Minambakkam,09:57:00,13
T37WDS,WDS,T37,Tirusulam,09:59:00,14
T37WDS,WDS,T37,Pallavaram,10:02:00,15
T37WDS,WDS,T37,Chromepet,10:05:00,16
T37WDS,WDS,T37,Tambaram Sanatorium,10:08:00,17
T37WDS,WDS,T37,Tambaram,10:16:00,18
T39WDS,WDS,T39,Chennai Beach,09:26:00,1
T39WDS,WDS,T39,Chennai Fort,09:30:00,2
T39WDS,WDS,T39,Chennai Park,09:33:00,3
T39WDS,WDS,T39,Chennai Egmore,09:36:00,4
T39WDS,WDS,T39,Chetpet,09:40:00,5
T39WDS,WDS,T39,Nungambakkam,09:43:00,6
T39WDS,WDS,T39,Kodambakkam,09:45:00,7
T39WDS,WDS,T39,Mambalam,09:47:00,8
T39WDS,WDS,T39,Saidapet,09:50:00,9
T39WDS,WDS,T39,Guindy,09:53:00,10
T39WDS,WDS,T39,St. Thomas Mount,09:56:00,11
T39WDS,WDS,T39,Palavanthangal,09:59:00,12
T39WDS,WDS,T39,Minambakkam,10:02:00,13
T39WDS,WDS,T39,Tirusulam,10:04:00,14
T39WDS,WDS,T39,Pallavaram,10:07:00,15
T39WDS,WDS,T39,Chromepet,10:10:00,16
T39WDS,WDS,T39,Tambaram Sanatorium,10:13:00,17
T39WDS,WDS,T39,Tambaram,10:21:00,18
BTL3WDS,WDS,BTL3,Chennai Beach,09:30:00,1
BTL3WDS,WDS,BTL3,Chennai Fort,09:34:00,2
BTL3WDS,WDS,BTL3,Chennai Park,09:37:00,3
BTL3WDS,WDS,BTL3,Chennai Egmore,09:40:00,4
BTL3WDS,WDS,BTL3,Chetpet,09:44:00,5
BTL3WDS,WDS,BTL3,Nungambakkam,09:47:00,6
BTL3WDS,WDS,BTL3,Kodambakkam,09:49:00,7
BTL3WDS,WDS,BTL3,Mambalam,09:51:00,8
BTL3WDS,WDS,BTL3,Saidapet,09:54:00,9
BTL3WDS,WDS,BTL3,Guindy,09:57:00,10
BTL3WDS,WDS,BTL3,St. Thomas Mount,10:00:00,11
BTL3WDS,WDS,BTL3,Palavanthangal,10:03:00,12
BTL3WDS,WDS,BTL3,Minambakkam,10:06:00,13
BTL3WDS,WDS,BTL3,Tirusulam,10:08:00,14
BTL3WDS,WDS,BTL3,Pallavaram,10:11:00,15
BTL3WDS,WDS,BTL3,Chromepet,10:14:00,16
BTL3WDS,WDS,BTL3,Tambaram Sanatorium,10:17:00,17
BTL3WDS,WDS,BTL3,Tambaram,10:25:00,18
T41WDS,WDS,T41,Chennai Beach,09:36:00,1
T41WDS,WDS,T41,Chennai Fort,09:40:00,2
T41WDS,WDS,T41,Chennai Park,09:43:00,3
T41WDS,WDS,T41,Chennai Egmore,09:46:00,4
T41WDS,WDS,T41,Chetpet,09:50:00,5
T41WDS,WDS,T41,Nungambakkam,09:53:00,6
T41WDS,WDS,T41,Kodambakkam,09:55:00,7
T41WDS,WDS,T41,Mambalam,09:57:00,8
T41WDS,WDS,T41,Saidapet,10:00:00,9
T41WDS,WDS,T41,Guindy,10:03:00,10
T41WDS,WDS,T41,St. Thomas Mount,10:06:00,11
T41WDS,WDS,T41,Palavanthangal,10:09:00,12
T41WDS,WDS,T41,Minambakkam,10:12:00,13
T41WDS,WDS,T41,Tirusulam,10:14:00,14
T41WDS,WDS,T41,Pallavaram,10:17:00,15
T41WDS,WDS,T41,Chromepet,10:20:00,16
T41WDS,WDS,T41,Tambaram Sanatorium,10:23:00,17
T41WDS,WDS,T41,Tambaram,10:31:00,18
BC21WDS,WDS,BC21,Chennai Beach,09:41:00,1
BC21WDS,WDS,BC21,Chennai Fort,09:45:00,2
BC21WDS,WDS,BC21,Chennai Park,09:48:00,3
BC21WDS,WDS,BC21,Chennai Egmore,09:51:00,4
BC21WDS,WDS,BC21,Chetpet,09:55:00,5
BC21WDS,WDS,BC21,Nungambakkam,09:58:00,6
BC21WDS,WDS,BC21,Kodambakkam,10:00:00,7
BC21WDS,WDS,BC21,Mambalam,10:02:00,8
BC21WDS,WDS,BC21,Saidapet,10:05:00,9
BC21WDS,WDS,BC21,Guindy,10:08:00,10
BC21WDS,WDS,BC21,St. Thomas Mount,10:11:00,11
BC21WDS,WDS,BC21,Palavanthangal,10:14:00,12
BC21WDS,WDS,BC21,Minambakkam,10:17:00,13
BC21WDS,WDS,BC21,Tirusulam,10:19:00,14
BC21WDS,WDS,BC21,Pallavaram,10:22:00,15
BC21WDS,WDS,BC21,Chromepet,10:25:00,16
BC21WDS,WDS,BC21,Tambaram Sanatorium,10:28:00,17
BC21WDS,WDS,BC21,Tambaram,10:36:00,18
T43WDS,WDS,T43,Chennai Beach,09:46:00,1
T43WDS,WDS,T43,Chennai Fort,09:50:00,2
T43WDS,WDS,T43,Chennai Park,09:53:00,3
T43WDS,WDS,T43,Chennai Egmore,09:56:00,4
T43WDS,WDS,T43,Chetpet,10:00:00,5
T43WDS,WDS,T43,Nungambakkam,10:03:00,6
T43WDS,WDS,T43,Kodambakkam,10:05:00,7
T43WDS,WDS,T43,Mambalam,10:07:00,8
T43WDS,WDS,T43,Saidapet,10:10:00,9
T43WDS,WDS,T43,Guindy,10:13:00,10
T43WDS,WDS,T43,St. Thomas Mount,10:16:00,11
T43WDS,WDS,T43,Palavanthangal,10:19:00,12
T43WDS,WDS,T43,Minambakkam,10:22:00,13
T43WDS,WDS,T43,Tirusulam,10:24:00,14
T43WDS,WDS,T43,Pallavaram,10:27:00,15
T43WDS,WDS,T43,Chromepet,10:30:00,16
T43WDS,WDS,T43,Tambaram Sanatorium,10:33:00,17
T43WDS,WDS,T43,Tambaram,10:41:00,18
T45WDS,WDS,T45,Chennai Beach,09:51:00,1
T45WDS,WDS,T45,Chennai Fort,09:55:00,2
T45WDS,WDS,T45,Chennai Park,09:58:00,3
T45WDS,WDS,T45,Chennai Egmore,10:01:00,4
T45WDS,WDS,T45,Chetpet,10:05:00,5
T45WDS,WDS,T45,Nungambakkam,10:08:00,6
T45WDS,WDS,T45,Kodambakkam,10:10:00,7
T45WDS,WDS,T45,Mambalam,10:12:00,8
T45WDS,WDS,T45,Saidapet,10:15:00,9
T45WDS,WDS,T45,Guindy,10:18:00,10
T45WDS,WDS,T45,St. Thomas Mount,10:21:00,11
T45WDS,WDS,T45,Palavanthangal,10:24:00,12
T45WDS,WDS,T45,Minambakkam,10:27:00,13
T45WDS,WDS,T45,Tirusulam,10:29:00,14
T45WDS,WDS,T45,Pallavaram,10:32:00,15
T45WDS,WDS,T45,Chromepet,10:35:00,16
T45WDS,WDS,T45,Tambaram Sanatorium,10:38:00,17
T45WDS,WDS,T45,Tambaram,10:46:00,18
T47WDS,WDS,T47,Chennai Beach,09:56:00,1
T47WDS,WDS,T47,Chennai Fort,10:00:00,2
T47WDS,WDS,T47,Chennai Park,10:03:00,3
T47WDS,WDS,T47,Chennai Egmore,10:06:00,4
T47WDS,WDS,T47,Chetpet,10:10:00,5
T47WDS,WDS,T47,Nungambakkam,10:13:00,6
T47WDS,WDS,T47,Kodambakkam,10:15:00,7
T47WDS,WDS,T47,Mambalam,10:17:00,8
T47WDS,WDS,T47,Saidapet,10:20:00,9
T47WDS,WDS,T47,Guindy,10:23:00,10
T47WDS,WDS,T47,St. Thomas Mount,10:26:00,11
T47WDS,WDS,T47,Palavanthangal,10:29:00,12
T47WDS,WDS,T47,Minambakkam,10:32:00,13
T47WDS,WDS,T47,Tirusulam,10:34:00,14
T47WDS,WDS,T47,Pallavaram,10:37:00,15
T47WDS,WDS,T47,Chromepet,10:40:00,16
T47WDS,WDS,T47,Tambaram Sanatorium,10:43:00,17
T47WDS,WDS,T47,Tambaram,10:51:00,18
T49WDS,WDS,T49,Chennai Beach,10:01:00,1
T49WDS,WDS,T49,Chennai Fort,10:05:00,2
T49WDS,WDS,T49,Chennai Park,10:08:00,3
T49WDS,WDS,T49,Chennai Egmore,10:11:00,4
T49WDS,WDS,T49,Chetpet,10:15:00,5
T49WDS,WDS,T49,Nungambakkam,10:18:00,6
T49WDS,WDS,T49,Kodambakkam,10:20:00,7
T49WDS,WDS,T49,Mambalam,10:22:00,8
T49WDS,WDS,T49,Saidapet,10:25:00,9
T49WDS,WDS,T49,Guindy,10:28:00,10
T49WDS,WDS,T49,St. Thomas Mount,10:31:00,11
T49WDS,WDS,T49,Palavanthangal,10:34:00,12
T49WDS,WDS,T49,Minambakkam,10:37:00,13
T49WDS,WDS,T49,Tirusulam,10:39:00,14
T49WDS,WDS,T49,Pallavaram,10:42:00,15
T49WDS,WDS,T49,Chromepet,10:45:00,16
T49WDS,WDS,T49,Tambaram Sanatorium,10:48:00,17
T49WDS,WDS,T49,Tambaram,10:56:00,18
T51WDS,WDS,T51,Chennai Beach,10:06:00,1
T51WDS,WDS,T51,Chennai Fort,10:10:00,2
T51WDS,WDS,T51,Chennai Park,10:13:00,3
T51WDS,WDS,T51,Chennai Egmore,10:16:00,4
T51WDS,WDS,T51,Chetpet,10:20:00,5
T51WDS,WDS,T51,Nungambakkam,10:23:00,6
T51WDS,WDS,T51,Kodambakkam,10:25:00,7
T51WDS,WDS,T51,Mambalam,10:27:00,8
T51WDS,WDS,T51,Saidapet,10:30:00,9
T51WDS,WDS,T51,Guindy,10:33:00,10
T51WDS,WDS,T51,St. Thomas Mount,10:36:00,11
T51WDS,WDS,T51,Palavanthangal,10:39:00,12
T51WDS,WDS,T51,Minambakkam,10:42:00,13
T51WDS,WDS,T51,Tirusulam,10:44:00,14
T51WDS,WDS,T51,Pallavaram,10:47:00,15
T51WDS,WDS,T51,Chromepet,10:50:00,16
T51WDS,WDS,T51,Tambaram Sanatorium,10:53:00,17
T51WDS,WDS,T51,Tambaram,11:01:00,18
BC23WDS,WDS,BC23,Chennai Beach,10:11:00,1
BC23WDS,WDS,BC23,Chennai Fort,10:15:00,2
BC23WDS,WDS,BC23,Chennai Park,10:18:00,3
BC23WDS,WDS,BC23,Chennai Egmore,10:21:00,4
BC23WDS,WDS,BC23,Chetpet,10:25:00,5
BC23WDS,WDS,BC23,Nungambakkam,10:28:00,6
BC23WDS,WDS,BC23,Kodambakkam,10:30:00,7
BC23WDS,WDS,BC23,Mambalam,10:32:00,8
BC23WDS,WDS,BC23,Saidapet,10:35:00,9
BC23WDS,WDS,BC23,Guindy,10:38:00,10
BC23WDS,WDS,BC23,St. Thomas Mount,10:41:00,11
BC23WDS,WDS,BC23,Palavanthangal,10:44:00,12
BC23WDS,WDS,BC23,Minambakkam,10:47:00,13
BC23WDS,WDS,BC23,Tirusulam,10:49:00,14
BC23WDS,WDS,BC23,Pallavaram,10:52:00,15
BC23WDS,WDS,BC23,Chromepet,10:55:00,16
BC23WDS,WDS,BC23,Tambaram Sanatorium,10:58:00,17
BC23WDS,WDS,BC23,Tambaram,11:06:00,18
T53WDS,WDS,T53,Chennai Beach,10:16:00,1
T53WDS,WDS,T53,Chennai Fort,10:20:00,2
T53WDS,WDS,T53,Chennai Park,10:23:00,3
T53WDS,WDS,T53,Chennai Egmore,10:26:00,4
T53WDS,WDS,T53,Chetpet,10:30:00,5
T53WDS,WDS,T53,Nungambakkam,10:33:00,6
T53WDS,WDS,T53,Kodambakkam,10:35:00,7
T53WDS,WDS,T53,Mambalam,10:37:00,8
T53WDS,WDS,T53,Saidapet,10:40:00,9
T53WDS,WDS,T53,Guindy,10:43:00,10
T53WDS,WDS,T53,St. Thomas Mount,10:46:00,11
T53WDS,WDS,T53,Palavanthangal,10:49:00,12
T53WDS,WDS,T53,Minambakkam,10:52:00,13
T53WDS,WDS,T53,Tirusulam,10:54:00,14
T53WDS,WDS,T53,Pallavaram,10:57:00,15
T53WDS,WDS,T53,Chromepet,11:00:00,16
T53WDS,WDS,T53,Tambaram Sanatorium,11:03:00,17
T53WDS,WDS,T53,Tambaram,11:11:00,18
T55WDS,WDS,T55,Chennai Beach,10:23:00,1
T55WDS,WDS,T55,Chennai Fort,10:27:00,2
T55WDS,WDS,T55,Chennai Park,10:30:00,3
T55WDS,WDS,T55,Chennai Egmore,10:33:00,4
T55WDS,WDS,T55,Chetpet,10:37:00,5
T55WDS,WDS,T55,Nungambakkam,10:40:00,6
T55WDS,WDS,T55,Kodambakkam,10:42:00,7
T55WDS,WDS,T55,Mambalam,10:44:00,8
T55WDS,WDS,T55,Saidapet,10:47:00,9
T55WDS,WDS,T55,Guindy,10:50:00,10
T55WDS,WDS,T55,St. Thomas Mount,10:53:00,11
T55WDS,WDS,T55,Palavanthangal,10:56:00,12
T55WDS,WDS,T55,Minambakkam,10:59:00,13
T55WDS,WDS,T55,Tirusulam,11:01:00,14
T55WDS,WDS,T55,Pallavaram,11:04:00,15
T55WDS,WDS,T55,Chromepet,11:07:00,16
T55WDS,WDS,T55,Tambaram Sanatorium,11:10:00,17
T55WDS,WDS,T55,Tambaram,11:18:00,18
T57WDS,WDS,T57,Chennai Beach,10:30:00,1
T57WDS,WDS,T57,Chennai Fort,10:34:00,2
T57WDS,WDS,T57,Chennai Park,10:37:00,3
T57WDS,WDS,T57,Chennai Egmore,10:40:00,4
T57WDS,WDS,T57,Chetpet,10:44:00,5
T57WDS,WDS,T57,Nungambakkam,10:47:00,6
T57WDS,WDS,T57,Kodambakkam,10:49:00,7
T57WDS,WDS,T57,Mambalam,10:51:00,8
T57WDS,WDS,T57,Saidapet,10:54:00,9
T57WDS,WDS,T57,Guindy,10:57:00,10
T57WDS,WDS,T57,St. Thomas Mount,11:00:00,11
T57WDS,WDS,T57,Palavanthangal,11:03:00,12
T57WDS,WDS,T57,Minambakkam,11:06:00,13
T57WDS,WDS,T57,Tirusulam,11:08:00,14
T57WDS,WDS,T57,Pallavaram,11:11:00,15
T57WDS,WDS,T57,Chromepet,11:14:00,16
T57WDS,WDS,T57,Tambaram Sanatorium,11:17:00,17
T57WDS,WDS,T57,Tambaram,11:25:00,18
T59WDS,WDS,T59,Chennai Beach,10:35:00,1
T59WDS,WDS,T59,Chennai Fort,10:39:00,2
T59WDS,WDS,T59,Chennai Park,10:42:00,3
T59WDS,WDS,T59,Chennai Egmore,10:45:00,4
T59WDS,WDS,T59,Chetpet,10:49:00,5
T59WDS,WDS,T59,Nungambakkam,10:52:00,6
T59WDS,WDS,T59,Kodambakkam,10:54:00,7
T59WDS,WDS,T59,Mambalam,10:56:00,8
T59WDS,WDS,T59,Saidapet,10:59:00,9
T59WDS,WDS,T59,Guindy,11:02:00,10
T59WDS,WDS,T59,St. Thomas Mount,11:05:00,11
T59WDS,WDS,T59,Palavanthangal,11:08:00,12
T59WDS,WDS,T59,Minambakkam,11:11:00,13
T59WDS,WDS,T59,Tirusulam,11:13:00,14
T59WDS,WDS,T59,Pallavaram,11:16:00,15
T59WDS,WDS,T59,Chromepet,11:19:00,16
T59WDS,WDS,T59,Tambaram Sanatorium,11:22:00,17
T59WDS,WDS,T59,Tambaram,11:30:00,18
T61WDS,WDS,T61,Chennai Beach,10:40:00,1
T61WDS,WDS,T61,Chennai Fort,10:44:00,2
T61WDS,WDS,T61,Chennai Park,10:47:00,3
T61WDS,WDS,T61,Chennai Egmore,10:50:00,4
T61WDS,WDS,T61,Chetpet,10:54:00,5
T61WDS,WDS,T61,Nungambakkam,10:57:00,6
T61WDS,WDS,T61,Kodambakkam,10:59:00,7
T61WDS,WDS,T61,Mambalam,11:01:00,8
T61WDS,WDS,T61,Saidapet,11:04:00,9
T61WDS,WDS,T61,Guindy,11:07:00,10
T61WDS,WDS,T61,St. Thomas Mount,11:10:00,11
T61WDS,WDS,T61,Palavanthangal,11:13:00,12
T61WDS,WDS,T61,Minambakkam,11:16:00,13
T61WDS,WDS,T61,Tirusulam,11:18:00,14
T61WDS,WDS,T61,Pallavaram,11:21:00,15
T61WDS,WDS,T61,Chromepet,11:24:00,16
T61WDS,WDS,T61,Tambaram Sanatorium,11:27:00,17
T61WDS,WDS,T61,Tambaram,11:35:00,18
BTL5WDS,WDS,BTL5,Chennai Beach,10:45:00,1
BTL5WDS,WDS,BTL5,Chennai Fort,10:49:00,2
BTL5WDS,WDS,BTL5,Chennai Park,10:52:00,3
BTL5WDS,WDS,BTL5,Chennai Egmore,10:55:00,4
BTL5WDS,WDS,BTL5,Chetpet,10:59:00,5
BTL5WDS,WDS,BTL5,Nungambakkam,11:02:00,6
BTL5WDS,WDS,BTL5,Kodambakkam,11:04:00,7
BTL5WDS,WDS,BTL5,Mambalam,11:06:00,8
BTL5WDS,WDS,BTL5,Saidapet,11:09:00,9
BTL5WDS,WDS,BTL5,Guindy,11:12:00,10
BTL5WDS,WDS,BTL5,St. Thomas Mount,11:15:00,11
BTL5WDS,WDS,BTL5,Palavanthangal,11:18:00,12
BTL5WDS,WDS,BTL5,Minambakkam,11:21:00,13
BTL5WDS,WDS,BTL5,Tirusulam,11:23:00,14
BTL5WDS,WDS,BTL5,Pallavaram,11:26:00,15
BTL5WDS,WDS,BTL5,Chromepet,11:29:00,16
BTL5WDS,WDS,BTL5,Tambaram Sanatorium,11:32:00,17
BTL5WDS,WDS,BTL5,Tambaram,11:40:00,18
T63WDS,WDS,T63,Chennai Beach,10:52:00,1
T63WDS,WDS,T63,Chennai Fort,10:56:00,2
T63WDS,WDS,T63,Chennai Park,10:59:00,3
T63WDS,WDS,T63,Chennai Egmore,11:02:00,4
T63WDS,WDS,T63,Chetpet,11:06:00,5
T63WDS,WDS,T63,Nungambakkam,11:09:00,6
T63WDS,WDS,T63,Kodambakkam,11:11:00,7
T63WDS,WDS,T63,Mambalam,11:13:00,8
T63WDS,WDS,T63,Saidapet,11:16:00,9
T63WDS,WDS,T63,Guindy,11:19:00,10
T63WDS,WDS,T63,St. Thomas Mount,11:22:00,11
T63WDS,WDS,T63,Palavanthangal,11:25:00,12
T63WDS,WDS,T63,Minambakkam,11:28:00,13
T63WDS,WDS,T63,Tirusulam,11:30:00,14
T63WDS,WDS,T63,Pallavaram,11:33:00,15
T63WDS,WDS,T63,Chromepet,11:36:00,16
T63WDS,WDS,T63,Tambaram Sanatorium,11:39:00,17
T63WDS,WDS,T63,Tambaram,11:47:00,18
BC25WDS,WDS,BC25,Chennai Beach,11:00:00,1
BC25WDS,WDS,BC25,Chennai Fort,11:04:00,2
BC25WDS,WDS,BC25,Chennai Park,11:07:00,3
BC25WDS,WDS,BC25,Chennai Egmore,11:10:00,4
BC25WDS,WDS,BC25,Chetpet,11:14:00,5
BC25WDS,WDS,BC25,Nungambakkam,11:17:00,6
BC25WDS,WDS,BC25,Kodambakkam,11:19:00,7
BC25WDS,WDS,BC25,Mambalam,11:21:00,8
BC25WDS,WDS,BC25,Saidapet,11:24:00,9
BC25WDS,WDS,BC25,Guindy,11:27:00,10
BC25WDS,WDS,BC25,St. Thomas Mount,11:30:00,11
BC25WDS,WDS,BC25,Palavanthangal,11:33:00,12
BC25WDS,WDS,BC25,Minambakkam,11:36:00,13
BC25WDS,WDS,BC25,Tirusulam,11:38:00,14
BC25WDS,WDS,BC25,Pallavaram,11:41:00,15
BC25WDS,WDS,BC25,Chromepet,11:44:00,16
BC25WDS,WDS,BC25,Tambaram Sanatorium,11:47:00,17
BC25WDS,WDS,BC25,Tambaram,11:55:00,18
T65WDS,WDS,T65,Chennai Beach,11:10:00,1
T65WDS,WDS,T65,Chennai Fort,11:14:00,2
T65WDS,WDS,T65,Chennai Park,11:17:00,3
T65WDS,WDS,T65,Chennai Egmore,11:20:00,4
T65WDS,WDS,T65,Chetpet,11:24:00,5
T65WDS,WDS,T65,Nungambakkam,11:27:00,6
T65WDS,WDS,T65,Kodambakkam,11:29:00,7
T65WDS,WDS,T65,Mambalam,11:31:00,8
T65WDS,WDS,T65,Saidapet,11:34:00,9
T65WDS,WDS,T65,Guindy,11:37:00,10
T65WDS,WDS,T65,St. Thomas Mount,11:40:00,11
T65WDS,WDS,T65,Palavanthangal,11:43:00,12
T65WDS,WDS,T65,Minambakkam,11:46:00,13
T65WDS,WDS,T65,Tirusulam,11:48:00,14
T65WDS,WDS,T65,Pallavaram,11:51:00,15
T65WDS,WDS,T65,Chromepet,11:54:00,16
T65WDS,WDS,T65,Tambaram Sanatorium,11:57:00,17
T65WDS,WDS,T65,Tambaram,12:05:00,18
T67WDS,WDS,T67,Chennai Beach,11:20:00,1
T67WDS,WDS,T67,Chennai Fort,11:24:00,2
T67WDS,WDS,T67,Chennai Park,11:27:00,3
T67WDS,WDS,T67,Chennai Egmore,11:30:00,4
T67WDS,WDS,T67,Chetpet,11:34:00,5
T67WDS,WDS,T67,Nungambakkam,11:37:00,6
T67WDS,WDS,T67,Kodambakkam,11:39:00,7
T67WDS,WDS,T67,Mambalam,11:41:00,8
T67WDS,WDS,T67,Saidapet,11:44:00,9
T67WDS,WDS,T67,Guindy,11:47:00,10
T67WDS,WDS,T67,St. Thomas Mount,11:50:00,11
T67WDS,WDS,T67,Palavanthangal,11:53:00,12
T67WDS,WDS,T67,Minambakkam,11:56:00,13
T67WDS,WDS,T67,Tirusulam,11:58:00,14
T67WDS,WDS,T67,Pallavaram,12:01:00,15
T67WDS,WDS,T67,Chromepet,12:04:00,16
T67WDS,WDS,T67,Tambaram Sanatorium,12:07:00,17
T67WDS,WDS,T67,Tambaram,12:15:00,18
T69WDS,WDS,T69,Chennai Beach,11:32:00,1
T69WDS,WDS,T69,Chennai Fort,11:36:00,2
T69WDS,WDS,T69,Chennai Park,11:39:00,3
T69WDS,WDS,T69,Chennai Egmore,11:42:00,4
T69WDS,WDS,T69,Chetpet,11:46:00,5
T69WDS,WDS,T69,Nungambakkam,11:49:00,6
T69WDS,WDS,T69,Kodambakkam,11:51:00,7
T69WDS,WDS,T69,Mambalam,11:53:00,8
T69WDS,WDS,T69,Saidapet,11:56:00,9
T69WDS,WDS,T69,Guindy,11:59:00,10
T69WDS,WDS,T69,St. Thomas Mount,12:02:00,11
T69WDS,WDS,T69,Palavanthangal,12:05:00,12
T69WDS,WDS,T69,Minambakkam,12:08:00,13
T69WDS,WDS,T69,Tirusulam,12:10:00,14
T69WDS,WDS,T69,Pallavaram,12:13:00,15
T69WDS,WDS,T69,Chromepet,12:16:00,16
T69WDS,WDS,T69,Tambaram Sanatorium,12:19:00,17
T69WDS,WDS,T69,Tambaram,12:27:00,18
T71WDS,WDS,T71,Chennai Beach,11:42:00,1
T71WDS,WDS,T71,Chennai Fort,11:46:00,2
T71WDS,WDS,T71,Chennai Park,11:49:00,3
T71WDS,WDS,T71,Chennai Egmore,11:52:00,4
T71WDS,WDS,T71,Chetpet,11:56:00,5
T71WDS,WDS,T71,Nungambakkam,11:59:00,6
T71WDS,WDS,T71,Kodambakkam,12:01:00,7
T71WDS,WDS,T71,Mambalam,12:03:00,8
T71WDS,WDS,T71,Saidapet,12:06:00,9
T71WDS,WDS,T71,Guindy,12:09:00,10
T71WDS,WDS,T71,St. Thomas Mount,12:12:00,11
T71WDS,WDS,T71,Palavanthangal,12:15:00,12
T71WDS,WDS,T71,Minambakkam,12:18:00,13
T71WDS,WDS,T71,Tirusulam,12:20:00,14
T71WDS,WDS,T71,Pallavaram,12:23:00,15
T71WDS,WDS,T71,Chromepet,12:26:00,16
T71WDS,WDS,T71,Tambaram Sanatorium,12:29:00,17
T71WDS,WDS,T71,Tambaram,12:37:00,18
BC27WDS,WDS,BC27,Chennai Beach,11:55:00,1
BC27WDS,WDS,BC27,Chennai Fort,11:59:00,2
BC27WDS,WDS,BC27,Chennai Park,12:02:00,3
BC27WDS,WDS,BC27,Chennai Egmore,12:05:00,4
BC27WDS,WDS,BC27,Chetpet,12:09:00,5
BC27WDS,WDS,BC27,Nungambakkam,12:12:00,6
BC27WDS,WDS,BC27,Kodambakkam,12:14:00,7
BC27WDS,WDS,BC27,Mambalam,12:16:00,8
BC27WDS,WDS,BC27,Saidapet,12:19:00,9
BC27WDS,WDS,BC27,Guindy,12:22:00,10
BC27WDS,WDS,BC27,St. Thomas Mount,12:25:00,11
BC27WDS,WDS,BC27,Palavanthangal,12:28:00,12
BC27WDS,WDS,BC27,Minambakkam,12:31:00,13
BC27WDS,WDS,BC27,Tirusulam,12:33:00,14
BC27WDS,WDS,BC27,Pallavaram,12:36:00,15
BC27WDS,WDS,BC27,Chromepet,12:39:00,16
BC27WDS,WDS,BC27,Tambaram Sanatorium,12:42:00,17
BC27WDS,WDS,BC27,Tambaram,12:50:00,18
T73WDS,WDS,T73,Chennai Beach,12:10:00,1
T73WDS,WDS,T73,Chennai Fort,12:14:00,2
T73WDS,WDS,T73,Chennai Park,12:17:00,3
T73WDS,WDS,T73,Chennai Egmore,12:20:00,4
T73WDS,WDS,T73,Chetpet,12:24:00,5
T73WDS,WDS,T73,Nungambakkam,12:27:00,6
T73WDS,WDS,T73,Kodambakkam,12:29:00,7
T73WDS,WDS,T73,Mambalam,12:31:00,8
T73WDS,WDS,T73,Saidapet,12:34:00,9
T73WDS,WDS,T73,Guindy,12:37:00,10
T73WDS,WDS,T73,St. Thomas Mount,12:40:00,11
T73WDS,WDS,T73,Palavanthangal,12:43:00,12
T73WDS,WDS,T73,Minambakkam,12:46:00,13
T73WDS,WDS,T73,Tirusulam,12:48:00,14
T73WDS,WDS,T73,Pallavaram,12:51:00,15
T73WDS,WDS,T73,Chromepet,12:54:00,16
T73WDS,WDS,T73,Tambaram Sanatorium,12:57:00,17
T73WDS,WDS,T73,Tambaram,13:05:00,18
T75WDS,WDS,T75,Chennai Beach,12:20:00,1
T75WDS,WDS,T75,Chennai Fort,12:24:00,2
T75WDS,WDS,T75,Chennai Park,12:27:00,3
T75WDS,WDS,T75,Chennai Egmore,12:30:00,4
T75WDS,WDS,T75,Chetpet,12:34:00,5
T75WDS,WDS,T75,Nungambakkam,12:37:00,6
T75WDS,WDS,T75,Kodambakkam,12:39:00,7
T75WDS,WDS,T75,Mambalam,12:41:00,8
T75WDS,WDS,T75,Saidapet,12:44:00,9
T75WDS,WDS,T75,Guindy,12:47:00,10
T75WDS,WDS,T75,St. Thomas Mount,12:50:00,11
T75WDS,WDS,T75,Palavanthangal,12:53:00,12
T75WDS,WDS,T75,Minambakkam,12:56:00,13
T75WDS,WDS,T75,Tirusulam,12:58:00,14
T75WDS,WDS,T75,Pallavaram,13:01:00,15
T75WDS,WDS,T75,Chromepet,13:04:00,16
T75WDS,WDS,T75,Tambaram Sanatorium,13:07:00,17
T75WDS,WDS,T75,Tambaram,13:15:00,18
BC29WDS,WDS,BC29,Chennai Beach,12:30:00,1
BC29WDS,WDS,BC29,Chennai Fort,12:34:00,2
BC29WDS,WDS,BC29,Chennai Park,12:37:00,3
BC29WDS,WDS,BC29,Chennai Egmore,12:40:00,4
BC29WDS,WDS,BC29,Chetpet,12:44:00,5
BC29WDS,WDS,BC29,Nungambakkam,12:47:00,6
BC29WDS,WDS,BC29,Kodambakkam,12:49:00,7
BC29WDS,WDS,BC29,Mambalam,12:51:00,8
BC29WDS,WDS,BC29,Saidapet,12:54:00,9
BC29WDS,WDS,BC29,Guindy,12:57:00,10
BC29WDS,WDS,BC29,St. Thomas Mount,13:00:00,11
BC29WDS,WDS,BC29,Palavanthangal,13:03:00,12
BC29WDS,WDS,BC29,Minambakkam,13:06:00,13
BC29WDS,WDS,BC29,Tirusulam,13:08:00,14
BC29WDS,WDS,BC29,Pallavaram,13:11:00,15
BC29WDS,WDS,BC29,Chromepet,13:14:00,16
BC29WDS,WDS,BC29,Tambaram Sanatorium,13:17:00,17
BC29WDS,WDS,BC29,Tambaram,13:25:00,18
T77WDS,WDS,T77,Chennai Beach,12:43:00,1
T77WDS,WDS,T77,Chennai Fort,12:47:00,2
T77WDS,WDS,T77,Chennai Park,12:50:00,3
T77WDS,WDS,T77,Chennai Egmore,12:53:00,4
T77WDS,WDS,T77,Chetpet,12:57:00,5
T77WDS,WDS,T77,Nungambakkam,13:00:00,6
T77WDS,WDS,T77,Kodambakkam,13:02:00,7
T77WDS,WDS,T77,Mambalam,13:04:00,8
T77WDS,WDS,T77,Saidapet,13:07:00,9
T77WDS,WDS,T77,Guindy,13:10:00,10
T77WDS,WDS,T77,St. Thomas Mount,13:13:00,11
T77WDS,WDS,T77,Palavanthangal,13:16:00,12
T77WDS,WDS,T77,Minambakkam,13:19:00,13
T77WDS,WDS,T77,Tirusulam,13:21:00,14
T77WDS,WDS,T77,Pallavaram,13:24:00,15
T77WDS,WDS,T77,Chromepet,13:27:00,16
T77WDS,WDS,T77,Tambaram Sanatorium,13:30:00,17
T77WDS,WDS,T77,Tambaram,13:38:00,18
T79WDS,WDS,T79,Chennai Beach,12:56:00,1
T79WDS,WDS,T79,Chennai Fort,13:00:00,2
T79WDS,WDS,T79,Chennai Park,13:03:00,3
T79WDS,WDS,T79,Chennai Egmore,13:06:00,4
T79WDS,WDS,T79,Chetpet,13:10:00,5
T79WDS,WDS,T79,Nungambakkam,13:13:00,6
T79WDS,WDS,T79,Kodambakkam,13:15:00,7
T79WDS,WDS,T79,Mambalam,13:17:00,8
T79WDS,WDS,T79,Saidapet,13:20:00,9
T79WDS,WDS,T79,Guindy,13:23:00,10
T79WDS,WDS,T79,St. Thomas Mount,13:26:00,11
T79WDS,WDS,T79,Palavanthangal,13:29:00,12
T79WDS,WDS,T79,Minambakkam,13:32:00,13
T79WDS,WDS,T79,Tirusulam,13:34:00,14
T79WDS,WDS,T79,Pallavaram,13:37:00,15
T79WDS,WDS,T79,Chromepet,13:40:00,16
T79WDS,WDS,T79,Tambaram Sanatorium,13:43:00,17
T79WDS,WDS,T79,Tambaram,13:51:00,18
BC31WDS,WDS,BC31,Chennai Beach,13:09:00,1
BC31WDS,WDS,BC31,Chennai Fort,13:13:00,2
BC31WDS,WDS,BC31,Chennai Park,13:16:00,3
BC31WDS,WDS,BC31,Chennai Egmore,13:19:00,4
BC31WDS,WDS,BC31,Chetpet,13:23:00,5
BC31WDS,WDS,BC31,Nungambakkam,13:26:00,6
BC31WDS,WDS,BC31,Kodambakkam,13:28:00,7
BC31WDS,WDS,BC31,Mambalam,13:30:00,8
BC31WDS,WDS,BC31,Saidapet,13:33:00,9
BC31WDS,WDS,BC31,Guindy,13:36:00,10
BC31WDS,WDS,BC31,St. Thomas Mount,13:39:00,11
BC31WDS,WDS,BC31,Palavanthangal,13:42:00,12
BC31WDS,WDS,BC31,Minambakkam,13:45:00,13
BC31WDS,WDS,BC31,Tirusulam,13:47:00,14
BC31WDS,WDS,BC31,Pallavaram,13:50:00,15
BC31WDS,WDS,BC31,Chromepet,13:53:00,16
BC31WDS,WDS,BC31,Tambaram Sanatorium,13:56:00,17
BC31WDS,WDS,BC31,Tambaram,14:04:00,18
T81WDS,WDS,T81,Chennai Beach,13:22:00,1
T81WDS,WDS,T81,Chennai Fort,13:26:00,2
T81WDS,WDS,T81,Chennai Park,13:29:00,3
T81WDS,WDS,T81,Chennai Egmore,13:32:00,4
T81WDS,WDS,T81,Chetpet,13:36:00,5
T81WDS,WDS,T81,Nungambakkam,13:39:00,6
T81WDS,WDS,T81,Kodambakkam,13:41:00,7
T81WDS,WDS,T81,Mambalam,13:43:00,8
T81WDS,WDS,T81,Saidapet,13:46:00,9
T81WDS,WDS,T81,Guindy,13:49:00,10
T81WDS,WDS,T81,St. Thomas Mount,13:52:00,11
T81WDS,WDS,T81,Palavanthangal,13:55:00,12
T81WDS,WDS,T81,Minambakkam,13:58:00,13
T81WDS,WDS,T81,Tirusulam,14:00:00,14
T81WDS,WDS,T81,Pallavaram,14:03:00,15
T81WDS,WDS,T81,Chromepet,14:06:00,16
T81WDS,WDS,T81,Tambaram Sanatorium,14:09:00,17
T81WDS,WDS,T81,Tambaram,14:17:00,18
T83WDS,WDS,T83,Chennai Beach,13:35:00,1
T83WDS,WDS,T83,Chennai Fort,13:39:00,2
T83WDS,WDS,T83,Chennai Park,13:42:00,3
T83WDS,WDS,T83,Chennai Egmore,13:45:00,4
T83WDS,WDS,T83,Chetpet,13:49:00,5
T83WDS,WDS,T83,Nungambakkam,13:52:00,6
T83WDS,WDS,T83,Kodambakkam,13:54:00,7
T83WDS,WDS,T83,Mambalam,13:56:00,8
T83WDS,WDS,T83,Saidapet,13:59:00,9
T83WDS,WDS,T83,Guindy,14:02:00,10
T83WDS,WDS,T83,St. Thomas Mount,14:05:00,11
T83WDS,WDS,T83,Palavanthangal,14:08:00,12
T83WDS,WDS,T83,Minambakkam,14:11:00,13
T83WDS,WDS,T83,Tirusulam,14:13:00,14
T83WDS,WDS,T83,Pallavaram,14:16:00,15
T83WDS,WDS,T83,Chromepet,14:19:00,16
T83WDS,WDS,T83,Tambaram Sanatorium,14:22:00,17
T83WDS,WDS,T83,Tambaram,14:30:00,18
BC33WDS,WDS,BC33,Chennai Beach,13:47:00,1
BC33WDS,WDS,BC33,Chennai Fort,13:51:00,2
BC33WDS,WDS,BC33,Chennai Park,13:54:00,3
BC33WDS,WDS,BC33,Chennai Egmore,13:57:00,4
BC33WDS,WDS,BC33,Chetpet,14:01:00,5
BC33WDS,WDS,BC33,Nungambakkam,14:04:00,6
BC33WDS,WDS,BC33,Kodambakkam,14:06:00,7
BC33WDS,WDS,BC33,Mambalam,14:08:00,8
BC33WDS,WDS,BC33,Saidapet,14:11:00,9
BC33WDS,WDS,BC33,Guindy,14:14:00,10
BC33WDS,WDS,BC33,St. Thomas Mount,14:17:00,11
BC33WDS,WDS,BC33,Palavanthangal,14:20:00,12
BC33WDS,WDS,BC33,Minambakkam,14:23:00,13
BC33WDS,WDS,BC33,Tirusulam,14:25:00,14
BC33WDS,WDS,BC33,Pallavaram,14:28:00,15
BC33WDS,WDS,BC33,Chromepet,14:31:00,16
BC33WDS,WDS,BC33,Tambaram Sanatorium,14:34:00,17
BC33WDS,WDS,BC33,Tambaram,14:42:00,18
T85WDS,WDS,T85,Chennai Beach,14:01:00,1
T85WDS,WDS,T85,Chennai Fort,14:05:00,2
T85WDS,WDS,T85,Chennai Park,14:08:00,3
T85WDS,WDS,T85,Chennai Egmore,14:11:00,4
T85WDS,WDS,T85,Chetpet,14:15:00,5
T85WDS,WDS,T85,Nungambakkam,14:18:00,6
T85WDS,WDS,T85,Kodambakkam,14:20:00,7
T85WDS,WDS,T85,Mambalam,14:22:00,8
T85WDS,WDS,T85,Saidapet,14:25:00,9
T85WDS,WDS,T85,Guindy,14:28:00,10
T85WDS,WDS,T85,St. Thomas Mount,14:31:00,11
T85WDS,WDS,T85,Palavanthangal,14:34:00,12
T85WDS,WDS,T85,Minambakkam,14:37:00,13
T85WDS,WDS,T85,Tirusulam,14:39:00,14
T85WDS,WDS,T85,Pallavaram,14:42:00,15
T85WDS,WDS,T85,Chromepet,14:45:00,16
T85WDS,WDS,T85,Tambaram Sanatorium,14:48:00,17
T85WDS,WDS,T85,Tambaram,14:56:00,18
BC35WDS,WDS,BC35,Chennai Beach,14:13:00,1
BC35WDS,WDS,BC35,Chennai Fort,14:17:00,2
BC35WDS,WDS,BC35,Chennai Park,14:20:00,3
BC35WDS,WDS,BC35,Chennai Egmore,14:23:00,4
BC35WDS,WDS,BC35,Chetpet,14:27:00,5
BC35WDS,WDS,BC35,Nungambakkam,14:30:00,6
BC35WDS,WDS,BC35,Kodambakkam,14:32:00,7
BC35WDS,WDS,BC35,Mambalam,14:34:00,8
BC35WDS,WDS,BC35,Saidapet,14:37:00,9
BC35WDS,WDS,BC35,Guindy,14:40:00,10
BC35WDS,WDS,BC35,St. Thomas Mount,14:43:00,11
BC35WDS,WDS,BC35,Palavanthangal,14:46:00,12
BC35WDS,WDS,BC35,Minambakkam,14:49:00,13
BC35WDS,WDS,BC35,Tirusulam,14:51:00,14
BC35WDS,WDS,BC35,Pallavaram,14:54:00,15
BC35WDS,WDS,BC35,Chromepet,14:57:00,16
BC35WDS,WDS,BC35,Tambaram Sanatorium,15:00:00,17
BC35WDS,WDS,BC35,Tambaram,15:08:00,18
T87WDS,WDS,T87,Chennai Beach,14:23:00,1
T87WDS,WDS,T87,Chennai Fort,14:27:00,2
T87WDS,WDS,T87,Chennai Park,14:30:00,3
T87WDS,WDS,T87,Chennai Egmore,14:33:00,4
T87WDS,WDS,T87,Chetpet,14:37:00,5
T87WDS,WDS,T87,Nungambakkam,14:40:00,6
T87WDS,WDS,T87,Kodambakkam,14:42:00,7
T87WDS,WDS,T87,Mambalam,14:44:00,8
T87WDS,WDS,T87,Saidapet,14:47:00,9
T87WDS,WDS,T87,Guindy,14:50:00,10
T87WDS,WDS,T87,St. Thomas Mount,14:53:00,11
T87WDS,WDS,T87,Palavanthangal,14:56:00,12
T87WDS,WDS,T87,Minambakkam,14:59:00,13
T87WDS,WDS,T87,Tirusulam,15:01:00,14
T87WDS,WDS,T87,Pallavaram,15:04:00,15
T87WDS,WDS,T87,Chromepet,15:07:00,16
T87WDS,WDS,T87,Tambaram Sanatorium,15:10:00,17
T87WDS,WDS,T87,Tambaram,15:18:00,18
T89WDS,WDS,T89,Chennai Beach,14:32:00,1
T89WDS,WDS,T89,Chennai Fort,14:36:00,2
T89WDS,WDS,T89,Chennai Park,14:39:00,3
T89WDS,WDS,T89,Chennai Egmore,14:42:00,4
T89WDS,WDS,T89,Chetpet,14:46:00,5
T89WDS,WDS,T89,Nungambakkam,14:49:00,6
T89WDS,WDS,T89,Kodambakkam,14:51:00,7
T89WDS,WDS,T89,Mambalam,14:53:00,8
T89WDS,WDS,T89,Saidapet,14:56:00,9
T89WDS,WDS,T89,Guindy,14:59:00,10
T89WDS,WDS,T89,St. Thomas Mount,15:02:00,11
T89WDS,WDS,T89,Palavanthangal,15:05:00,12
T89WDS,WDS,T89,Minambakkam,15:08:00,13
T89WDS,WDS,T89,Tirusulam,15:10:00,14
T89WDS,WDS,T89,Pallavaram,15:13:00,15
T89WDS,WDS,T89,Chromepet,15:16:00,16
T89WDS,WDS,T89,Tambaram Sanatorium,15:19:00,17
T89WDS,WDS,T89,Tambaram,15:27:00,18
BC37WDS,WDS,BC37,Chennai Beach,14:47:00,1
BC37WDS,WDS,BC37,Chennai Fort,14:51:00,2
BC37WDS,WDS,BC37,Chennai Park,14:54:00,3
BC37WDS,WDS,BC37,Chennai Egmore,14:57:00,4
BC37WDS,WDS,BC37,Chetpet,15:01:00,5
BC37WDS,WDS,BC37,Nungambakkam,15:04:00,6
BC37WDS,WDS,BC37,Kodambakkam,15:06:00,7
BC37WDS,WDS,BC37,Mambalam,15:08:00,8
BC37WDS,WDS,BC37,Saidapet,15:11:00,9
BC37WDS,WDS,BC37,Guindy,15:14:00,10
BC37WDS,WDS,BC37,St. Thomas Mount,15:17:00,11
BC37WDS,WDS,BC37,Palavanthangal,15:20:00,12
BC37WDS,WDS,BC37,Minambakkam,15:23:00,13
BC37WDS,WDS,BC37,Tirusulam,15:25:00,14
BC37WDS,WDS,BC37,Pallavaram,15:28:00,15
BC37WDS,WDS,BC37,Chromepet,15:31:00,16
BC37WDS,WDS,BC37,Tambaram Sanatorium,15:34:00,17
BC37WDS,WDS,BC37,Tambaram,15:42:00,18
T91WDS,WDS,T91,Chennai Beach,15:02:00,1
T91WDS,WDS,T91,Chennai Fort,15:06:00,2
T91WDS,WDS,T91,Chennai Park,15:09:00,3
T91WDS,WDS,T91,Chennai Egmore,15:12:00,4
T91WDS,WDS,T91,Chetpet,15:16:00,5
T91WDS,WDS,T91,Nungambakkam,15:19:00,6
T91WDS,WDS,T91,Kodambakkam,15:21:00,7
T91WDS,WDS,T91,Mambalam,15:23:00,8
T91WDS,WDS,T91,Saidapet,15:26:00,9
T91WDS,WDS,T91,Guindy,15:29:00,10
T91WDS,WDS,T91,St. Thomas Mount,15:32:00,11
T91WDS,WDS,T91,Palavanthangal,15:35:00,12
T91WDS,WDS,T91,Minambakkam,15:38:00,13
T91WDS,WDS,T91,Tirusulam,15:40:00,14
T91WDS,WDS,T91,Pallavaram,15:43:00,15
T91WDS,WDS,T91,Chromepet,15:46:00,16
T91WDS,WDS,T91,Tambaram Sanatorium,15:49:00,17
T91WDS,WDS,T91,Tambaram,15:57:00,18
T93WDS,WDS,T93,Chennai Beach,15:15:00,1
T93WDS,WDS,T93,Chennai Fort,15:19:00,2
T93WDS,WDS,T93,Chennai Park,15:22:00,3
T93WDS,WDS,T93,Chennai Egmore,15:25:00,4
T93WDS,WDS,T93,Chetpet,15:29:00,5
T93WDS,WDS,T93,Nungambakkam,15:32:00,6
T93WDS,WDS,T93,Kodambakkam,15:34:00,7
T93WDS,WDS,T93,Mambalam,15:36:00,8
T93WDS,WDS,T93,Saidapet,15:39:00,9
T93WDS,WDS,T93,Guindy,15:42:00,10
T93WDS,WDS,T93,St. Thomas Mount,15:45:00,11
T93WDS,WDS,T93,Palavanthangal,15:48:00,12
T93WDS,WDS,T93,Minambakkam,15:51:00,13
T93WDS,WDS,T93,Tirusulam,15:53:00,14
T93WDS,WDS,T93,Pallavaram,15:56:00,15
T93WDS,WDS,T93,Chromepet,15:59:00,16
T93WDS,WDS,T93,Tambaram Sanatorium,16:02:00,17
T93WDS,WDS,T93,Tambaram,16:10:00,18
T95WDS,WDS,T95,Chennai Beach,15:25:00,1
T95WDS,WDS,T95,Chennai Fort,15:29:00,2
T95WDS,WDS,T95,Chennai Park,15:32:00,3
T95WDS,WDS,T95,Chennai Egmore,15:35:00,4
T95WDS,WDS,T95,Chetpet,15:39:00,5
T95WDS,WDS,T95,Nungambakkam,15:42:00,6
T95WDS,WDS,T95,Kodambakkam,15:44:00,7
T95WDS,WDS,T95,Mambalam,15:46:00,8
T95WDS,WDS,T95,Saidapet,15:49:00,9
T95WDS,WDS,T95,Guindy,15:52:00,10
T95WDS,WDS,T95,St. Thomas Mount,15:55:00,11
T95WDS,WDS,T95,Palavanthangal,15:58:00,12
T95WDS,WDS,T95,Minambakkam,16:01:00,13
T95WDS,WDS,T95,Tirusulam,16:03:00,14
T95WDS,WDS,T95,Pallavaram,16:06:00,15
T95WDS,WDS,T95,Chromepet,16:09:00,16
T95WDS,WDS,T95,Tambaram Sanatorium,16:12:00,17
T95WDS,WDS,T95,Tambaram,16:20:00,18
BC39WDS,WDS,BC39,Chennai Beach,15:35:00,1
BC39WDS,WDS,BC39,Chennai Fort,15:39:00,2
BC39WDS,WDS,BC39,Chennai Park,15:42:00,3
BC39WDS,WDS,BC39,Chennai Egmore,15:45:00,4
BC39WDS,WDS,BC39,Chetpet,15:49:00,5
BC39WDS,WDS,BC39,Nungambakkam,15:52:00,6
BC39WDS,WDS,BC39,Kodambakkam,15:54:00,7
BC39WDS,WDS,BC39,Mambalam,15:56:00,8
BC39WDS,WDS,BC39,Saidapet,15:59:00,9
BC39WDS,WDS,BC39,Guindy,16:02:00,10
BC39WDS,WDS,BC39,St. Thomas Mount,16:05:00,11
BC39WDS,WDS,BC39,Palavanthangal,16:08:00,12
BC39WDS,WDS,BC39,Minambakkam,16:11:00,13
BC39WDS,WDS,BC39,Tirusulam,16:13:00,14
BC39WDS,WDS,BC39,Pallavaram,16:16:00,15
BC39WDS,WDS,BC39,Chromepet,16:19:00,16
BC39WDS,WDS,BC39,Tambaram Sanatorium,16:22:00,17
BC39WDS,WDS,BC39,Tambaram,16:30:00,18
T97WDS,WDS,T97,Chennai Beach,15:45:00,1
T97WDS,WDS,T97,Chennai Fort,15:49:00,2
T97WDS,WDS,T97,Chennai Park,15:52:00,3
T97WDS,WDS,T97,Chennai Egmore,15:55:00,4
T97WDS,WDS,T97,Chetpet,15:59:00,5
T97WDS,WDS,T97,Nungambakkam,16:02:00,6
T97WDS,WDS,T97,Kodambakkam,16:04:00,7
T97WDS,WDS,T97,Mambalam,16:06:00,8
T97WDS,WDS,T97,Saidapet,16:09:00,9
T97WDS,WDS,T97,Guindy,16:12:00,10
T97WDS,WDS,T97,St. Thomas Mount,16:15:00,11
T97WDS,WDS,T97,Palavanthangal,16:18:00,12
T97WDS,WDS,T97,Minambakkam,16:21:00,13
T97WDS,WDS,T97,Tirusulam,16:23:00,14
T97WDS,WDS,T97,Pallavaram,16:26:00,15
T97WDS,WDS,T97,Chromepet,16:29:00,16
T97WDS,WDS,T97,Tambaram Sanatorium,16:32:00,17
T97WDS,WDS,T97,Tambaram,16:40:00,18
T99WDS,WDS,T99,Chennai Beach,15:55:00,1
T99WDS,WDS,T99,Chennai Fort,15:59:00,2
T99WDS,WDS,T99,Chennai Park,16:02:00,3
T99WDS,WDS,T99,Chennai Egmore,16:05:00,4
T99WDS,WDS,T99,Chetpet,16:09:00,5
T99WDS,WDS,T99,Nungambakkam,16:12:00,6
T99WDS,WDS,T99,Kodambakkam,16:14:00,7
T99WDS,WDS,T99,Mambalam,16:16:00,8
T99WDS,WDS,T99,Saidapet,16:19:00,9
T99WDS,WDS,T99,Guindy,16:22:00,10
T99WDS,WDS,T99,St. Thomas Mount,16:25:00,11
T99WDS,WDS,T99,Palavanthangal,16:28:00,12
T99WDS,WDS,T99,Minambakkam,16:31:00,13
T99WDS,WDS,T99,Tirusulam,16:33:00,14
T99WDS,WDS,T99,Pallavaram,16:36:00,15
T99WDS,WDS,T99,Chromepet,16:39:00,16
T99WDS,WDS,T99,Tambaram Sanatorium,16:42:00,17
T99WDS,WDS,T99,Tambaram,16:50:00,18
T101WDS,WDS,T101,Chennai Beach,16:05:00,1
T101WDS,WDS,T101,Chennai Fort,16:09:00,2
T101WDS,WDS,T101,Chennai Park,16:12:00,3
T101WDS,WDS,T101,Chennai Egmore,16:15:00,4
T101WDS,WDS,T101,Chetpet,16:19:00,5
T101WDS,WDS,T101,Nungambakkam,16:22:00,6
T101WDS,WDS,T101,Kodambakkam,16:24:00,7
T101WDS,WDS,T101,Mambalam,16:26:00,8
T101WDS,WDS,T101,Saidapet,16:29:00,9
T101WDS,WDS,T101,Guindy,16:32:00,10
T101WDS,WDS,T101,St. Thomas Mount,16:35:00,11
T101WDS,WDS,T101,Palavanthangal,16:38:00,12
T101WDS,WDS,T101,Minambakkam,16:41:00,13
T101WDS,WDS,T101,Tirusulam,16:43:00,14
T101WDS,WDS,T101,Pallavaram,16:46:00,15
T101WDS,WDS,T101,Chromepet,16:49:00,16
T101WDS,WDS,T101,Tambaram Sanatorium,16:52:00,17
T101WDS,WDS,T101,Tambaram,17:00:00,18
BC41WDS,WDS,BC41,Chennai Beach,16:15:00,1
BC41WDS,WDS,BC41,Chennai Fort,16:19:00,2
BC41WDS,WDS,BC41,Chennai Park,16:22:00,3
BC41WDS,WDS,BC41,Chennai Egmore,16:25:00,4
BC41WDS,WDS,BC41,Chetpet,16:29:00,5
BC41WDS,WDS,BC41,Nungambakkam,16:32:00,6
BC41WDS,WDS,BC41,Kodambakkam,16:34:00,7
BC41WDS,WDS,BC41,Mambalam,16:36:00,8
BC41WDS,WDS,BC41,Saidapet,16:39:00,9
BC41WDS,WDS,BC41,Guindy,16:42:00,10
BC41WDS,WDS,BC41,St. Thomas Mount,16:45:00,11
BC41WDS,WDS,BC41,Palavanthangal,16:48:00,12
BC41WDS,WDS,BC41,Minambakkam,16:51:00,13
BC41WDS,WDS,BC41,Tirusulam,16:53:00,14
BC41WDS,WDS,BC41,Pallavaram,16:56:00,15
BC41WDS,WDS,BC41,Chromepet,16:59:00,16
BC41WDS,WDS,BC41,Tambaram Sanatorium,17:02:00,17
BC41WDS,WDS,BC41,Tambaram,17:10:00,18
T103WDS,WDS,T103,Chennai Beach,16:23:00,1
T103WDS,WDS,T103,Chennai Fort,16:27:00,2
T103WDS,WDS,T103,Chennai Park,16:30:00,3
T103WDS,WDS,T103,Chennai Egmore,16:33:00,4
T103WDS,WDS,T103,Chetpet,16:37:00,5
T103WDS,WDS,T103,Nungambakkam,16:40:00,6
T103WDS,WDS,T103,Kodambakkam,16:42:00,7
T103WDS,WDS,T103,Mambalam,16:44:00,8
T103WDS,WDS,T103,Saidapet,16:47:00,9
T103WDS,WDS,T103,Guindy,16:50:00,10
T103WDS,WDS,T103,St. Thomas Mount,16:53:00,11
T103WDS,WDS,T103,Palavanthangal,16:56:00,12
T103WDS,WDS,T103,Minambakkam,16:59:00,13
T103WDS,WDS,T103,Tirusulam,17:01:00,14
T103WDS,WDS,T103,Pallavaram,17:04:00,15
T103WDS,WDS,T103,Chromepet,17:07:00,16
T103WDS,WDS,T103,Tambaram Sanatorium,17:10:00,17
T103WDS,WDS,T103,Tambaram,17:18:00,18
T105WDS,WDS,T105,Chennai Beach,16:32:00,1
T105WDS,WDS,T105,Chennai Fort,16:36:00,2
T105WDS,WDS,T105,Chennai Park,16:39:00,3
T105WDS,WDS,T105,Chennai Egmore,16:42:00,4
T105WDS,WDS,T105,Chetpet,16:46:00,5
T105WDS,WDS,T105,Nungambakkam,16:49:00,6
T105WDS,WDS,T105,Kodambakkam,16:51:00,7
T105WDS,WDS,T105,Mambalam,16:53:00,8
T105WDS,WDS,T105,Saidapet,16:56:00,9
T105WDS,WDS,T105,Guindy,16:59:00,10
T105WDS,WDS,T105,St. Thomas Mount,17:02:00,11
T105WDS,WDS,T105,Palavanthangal,17:05:00,12
T105WDS,WDS,T105,Minambakkam,17:08:00,13
T105WDS,WDS,T105,Tirusulam,17:10:00,14
T105WDS,WDS,T105,Pallavaram,17:13:00,15
T105WDS,WDS,T105,Chromepet,17:16:00,16
T105WDS,WDS,T105,Tambaram Sanatorium,17:19:00,17
T105WDS,WDS,T105,Tambaram,17:27:00,18
BC43WDS,WDS,BC43,Chennai Beach,16:40:00,1
BC43WDS,WDS,BC43,Chennai Fort,16:44:00,2
BC43WDS,WDS,BC43,Chennai Park,16:47:00,3
BC43WDS,WDS,BC43,Chennai Egmore,16:50:00,4
BC43WDS,WDS,BC43,Chetpet,16:54:00,5
BC43WDS,WDS,BC43,Nungambakkam,16:57:00,6
BC43WDS,WDS,BC43,Kodambakkam,16:59:00,7
BC43WDS,WDS,BC43,Mambalam,17:01:00,8
BC43WDS,WDS,BC43,Saidapet,17:04:00,9
BC43WDS,WDS,BC43,Guindy,17:07:00,10
BC43WDS,WDS,BC43,St. Thomas Mount,17:10:00,11
BC43WDS,WDS,BC43,Palavanthangal,17:13:00,12
BC43WDS,WDS,BC43,Minambakkam,17:16:00,13
BC43WDS,WDS,BC43,Tirusulam,17:18:00,14
BC43WDS,WDS,BC43,Pallavaram,17:21:00,15
BC43WDS,WDS,BC43,Chromepet,17:24:00,16
BC43WDS,WDS,BC43,Tambaram Sanatorium,17:27:00,17
BC43WDS,WDS,BC43,Tambaram,17:35:00,18
T107WDS,WDS,T107,Chennai Beach,16:50:00,1
T107WDS,WDS,T107,Chennai Fort,16:54:00,2
T107WDS,WDS,T107,Chennai Park,16:57:00,3
T107WDS,WDS,T107,Chennai Egmore,17:00:00,4
T107WDS,WDS,T107,Chetpet,17:04:00,5
T107WDS,WDS,T107,Nungambakkam,17:07:00,6
T107WDS,WDS,T107,Kodambakkam,17:09:00,7
T107WDS,WDS,T107,Mambalam,17:11:00,8
T107WDS,WDS,T107,Saidapet,17:14:00,9
T107WDS,WDS,T107,Guindy,17:17:00,10
T107WDS,WDS,T107,St. Thomas Mount,17:20:00,11
T107WDS,WDS,T107,Palavanthangal,17:23:00,12
T107WDS,WDS,T107,Minambakkam,17:26:00,13
T107WDS,WDS,T107,Tirusulam,17:28:00,14
T107WDS,WDS,T107,Pallavaram,17:31:00,15
T107WDS,WDS,T107,Chromepet,17:34:00,16
T107WDS,WDS,T107,Tambaram Sanatorium,17:37:00,17
T107WDS,WDS,T107,Tambaram,17:45:00,18
T109WDS,WDS,T109,Chennai Beach,17:00:00,1
T109WDS,WDS,T109,Chennai Fort,17:04:00,2
T109WDS,WDS,T109,Chennai Park,17:07:00,3
T109WDS,WDS,T109,Chennai Egmore,17:10:00,4
T109WDS,WDS,T109,Chetpet,17:14:00,5
T109WDS,WDS,T109,Nungambakkam,17:17:00,6
T109WDS,WDS,T109,Kodambakkam,17:19:00,7
T109WDS,WDS,T109,Mambalam,17:21:00,8
T109WDS,WDS,T109,Saidapet,17:24:00,9
T109WDS,WDS,T109,Guindy,17:27:00,10
T109WDS,WDS,T109,St. Thomas Mount,17:30:00,11
T109WDS,WDS,T109,Palavanthangal,17:33:00,12
T109WDS,WDS,T109,Minambakkam,17:36:00,13
T109WDS,WDS,T109,Tirusulam,17:38:00,14
T109WDS,WDS,T109,Pallavaram,17:41:00,15
T109WDS,WDS,T109,Chromepet,17:44:00,16
T109WDS,WDS,T109,Tambaram Sanatorium,17:47:00,17
T109WDS,WDS,T109,Tambaram,17:55:00,18
BC45WDS,WDS,BC45,Chennai Beach,17:10:00,1
BC45WDS,WDS,BC45,Chennai Fort,17:14:00,2
BC45WDS,WDS,BC45,Chennai Park,17:17:00,3
BC45WDS,WDS,BC45,Chennai Egmore,17:20:00,4
BC45WDS,WDS,BC45,Chetpet,17:24:00,5
BC45WDS,WDS,BC45,Nungambakkam,17:27:00,6
BC45WDS,WDS,BC45,Kodambakkam,17:29:00,7
BC45WDS,WDS,BC45,Mambalam,17:31:00,8
BC45WDS,WDS,BC45,Saidapet,17:34:00,9
BC45WDS,WDS,BC45,Guindy,17:37:00,10
BC45WDS,WDS,BC45,St. Thomas Mount,17:40:00,11
BC45WDS,WDS,BC45,Palavanthangal,17:43:00,12
BC45WDS,WDS,BC45,Minambakkam,17:46:00,13
BC45WDS,WDS,BC45,Tirusulam,17:48:00,14
BC45WDS,WDS,BC45,Pallavaram,17:51:00,15
BC45WDS,WDS,BC45,Chromepet,17:54:00,16
BC45WDS,WDS,BC45,Tambaram Sanatorium,17:57:00,17
BC45WDS,WDS,BC45,Tambaram,18:05:00,18
T111WDS,WDS,T111,Chennai Beach,17:20:00,1
T111WDS,WDS,T111,Chennai Fort,17:24:00,2
T111WDS,WDS,T111,Chennai Park,17:27:00,3
T111WDS,WDS,T111,Chennai Egmore,17:30:00,4
T111WDS,WDS,T111,Chetpet,17:34:00,5
T111WDS,WDS,T111,Nungambakkam,17:37:00,6
T111WDS,WDS,T111,Kodambakkam,17:39:00,7
T111WDS,WDS,T111,Mambalam,17:41:00,8
T111WDS,WDS,T111,Saidapet,17:44:00,9
T111WDS,WDS,T111,Guindy,17:47:00,10
T111WDS,WDS,T111,St. Thomas Mount,17:50:00,11
T111WDS,WDS,T111,Palavanthangal,17:53:00,12
T111WDS,WDS,T111,Minambakkam,17:56:00,13
T111WDS,WDS,T111,Tirusulam,17:58:00,14
T111WDS,WDS,T111,Pallavaram,18:01:00,15
T111WDS,WDS,T111,Chromepet,18:04:00,16
T111WDS,WDS,T111,Tambaram Sanatorium,18:07:00,17
T111WDS,WDS,T111,Tambaram,18:15:00,18
T113WDS,WDS,T113,Chennai Beach,17:30:00,1
T113WDS,WDS,T113,Chennai Fort,17:34:00,2
T113WDS,WDS,T113,Chennai Park,17:37:00,3
T113WDS,WDS,T113,Chennai Egmore,17:40:00,4
T113WDS,WDS,T113,Chetpet,17:44:00,5
T113WDS,WDS,T113,Nungambakkam,17:47:00,6
T113WDS,WDS,T113,Kodambakkam,17:49:00,7
T113WDS,WDS,T113,Mambalam,17:51:00,8
T113WDS,WDS,T113,Saidapet,17:54:00,9
T113WDS,WDS,T113,Guindy,17:57:00,10
T113WDS,WDS,T113,St. Thomas Mount,18:00:00,11
T113WDS,WDS,T113,Palavanthangal,18:03:00,12
T113WDS,WDS,T113,Minambakkam,18:06:00,13
T113WDS,WDS,T113,Tirusulam,18:08:00,14
T113WDS,WDS,T113,Pallavaram,18:11:00,15
T113WDS,WDS,T113,Chromepet,18:14:00,16
T113WDS,WDS,T113,Tambaram Sanatorium,18:17:00,17
T113WDS,WDS,T113,Tambaram,18:25:00,18
BC47WDS,WDS,BC47,Chennai Beach,17:38:00,1
BC47WDS,WDS,BC47,Chennai Fort,17:42:00,2
BC47WDS,WDS,BC47,Chennai Park,17:45:00,3
BC47WDS,WDS,BC47,Chennai Egmore,17:48:00,4
BC47WDS,WDS,BC47,Chetpet,17:52:00,5
BC47WDS,WDS,BC47,Nungambakkam,17:55:00,6
BC47WDS,WDS,BC47,Kodambakkam,17:57:00,7
BC47WDS,WDS,BC47,Mambalam,17:59:00,8
BC47WDS,WDS,BC47,Saidapet,18:02:00,9
BC47WDS,WDS,BC47,Guindy,18:05:00,10
BC47WDS,WDS,BC47,St. Thomas Mount,18:08:00,11
BC47WDS,WDS,BC47,Palavanthangal,18:11:00,12
BC47WDS,WDS,BC47,Minambakkam,18:14:00,13
BC47WDS,WDS,BC47,Tirusulam,18:16:00,14
BC47WDS,WDS,BC47,Pallavaram,18:19:00,15
BC47WDS,WDS,BC47,Chromepet,18:22:00,16
BC47WDS,WDS,BC47,Tambaram Sanatorium,18:25:00,17
BC47WDS,WDS,BC47,Tambaram,18:33:00,18
T115WDS,WDS,T115,Chennai Beach,17:46:00,1
T115WDS,WDS,T115,Chennai Fort,17:50:00,2
T115WDS,WDS,T115,Chennai Park,17:53:00,3
T115WDS,WDS,T115,Chennai Egmore,17:56:00,4
T115WDS,WDS,T115,Chetpet,18:00:00,5
T115WDS,WDS,T115,Nungambakkam,18:03:00,6
T115WDS,WDS,T115,Kodambakkam,18:05:00,7
T115WDS,WDS,T115,Mambalam,18:07:00,8
T115WDS,WDS,T115,Saidapet,18:10:00,9
T115WDS,WDS,T115,Guindy,18:13:00,10
T115WDS,WDS,T115,St. Thomas Mount,18:16:00,11
T115WDS,WDS,T115,Palavanthangal,18:19:00,12
T115WDS,WDS,T115,Minambakkam,18:22:00,13
T115WDS,WDS,T115,Tirusulam,18:24:00,14
T115WDS,WDS,T115,Pallavaram,18:27:00,15
T115WDS,WDS,T115,Chromepet,18:30:00,16
T115WDS,WDS,T115,Tambaram Sanatorium,18:33:00,17
T115WDS,WDS,T115,Tambaram,18:41:00,18
T117WDS,WDS,T117,Chennai Beach,17:52:00,1
T117WDS,WDS,T117,Chennai Fort,17:56:00,2
T117WDS,WDS,T117,Chennai Park,17:59:00,3
T117WDS,WDS,T117,Chennai Egmore,18:02:00,4
T117WDS,WDS,T117,Chetpet,18:06:00,5
T117WDS,WDS,T117,Nungambakkam,18:09:00,6
T117WDS,WDS,T117,Kodambakkam,18:11:00,7
T117WDS,WDS,T117,Mambalam,18:13:00,8
T117WDS,WDS,T117,Saidapet,18:16:00,9
T117WDS,WDS,T117,Guindy,18:19:00,10
T117WDS,WDS,T117,St. Thomas Mount,18:22:00,11
T117WDS,WDS,T117,Palavanthangal,18:25:00,12
T117WDS,WDS,T117,Minambakkam,18:28:00,13
T117WDS,WDS,T117,Tirusulam,18:30:00,14
T117WDS,WDS,T117,Pallavaram,18:33:00,15
T117WDS,WDS,T117,Chromepet,18:36:00,16
T117WDS,WDS,T117,Tambaram Sanatorium,18:39:00,17
T117WDS,WDS,T117,Tambaram,18:47:00,18
T119WDS,WDS,T119,Chennai Beach,17:57:00,1
T119WDS,WDS,T119,Chennai Fort,18:01:00,2
T119WDS,WDS,T119,Chennai Park,18:04:00,3
T119WDS,WDS,T119,Chennai Egmore,18:07:00,4
T119WDS,WDS,T119,Chetpet,18:11:00,5
T119WDS,WDS,T119,Nungambakkam,18:14:00,6
T119WDS,WDS,T119,Kodambakkam,18:16:00,7
T119WDS,WDS,T119,Mambalam,18:18:00,8
T119WDS,WDS,T119,Saidapet,18:21:00,9
T119WDS,WDS,T119,Guindy,18:24:00,10
T119WDS,WDS,T119,St. Thomas Mount,18:27:00,11
T119WDS,WDS,T119,Palavanthangal,18:30:00,12
T119WDS,WDS,T119,Minambakkam,18:33:00,13
T119WDS,WDS,T119,Tirusulam,18:35:00,14
T119WDS,WDS,T119,Pallavaram,18:38:00,15
T119WDS,WDS,T119,Chromepet,18:41:00,16
T119WDS,WDS,T119,Tambaram Sanatorium,18:44:00,17
T119WDS,WDS,T119,Tambaram,18:52:00,18
T121WDS,WDS,T121,Chennai Beach,18:02:00,1
T121WDS,WDS,T121,Chennai Fort,18:06:00,2
T121WDS,WDS,T121,Chennai Park,18:09:00,3
T121WDS,WDS,T121,Chennai Egmore,18:12:00,4
T121WDS,WDS,T121,Chetpet,18:16:00,5
T121WDS,WDS,T121,Nungambakkam,18:19:00,6
T121WDS,WDS,T121,Kodambakkam,18:21:00,7
T121WDS,WDS,T121,Mambalam,18:23:00,8
T121WDS,WDS,T121,Saidapet,18:26:00,9
T121WDS,WDS,T121,Guindy,18:29:00,10
T121WDS,WDS,T121,St. Thomas Mount,18:32:00,11
T121WDS,WDS,T121,Palavanthangal,18:35:00,12
T121WDS,WDS,T121,Minambakkam,18:38:00,13
T121WDS,WDS,T121,Tirusulam,18:40:00,14
T121WDS,WDS,T121,Pallavaram,18:43:00,15
T121WDS,WDS,T121,Chromepet,18:46:00,16
T121WDS,WDS,T121,Tambaram Sanatorium,18:49:00,17
T121WDS,WDS,T121,Tambaram,18:57:00,18
BC49WDS,WDS,BC49,Chennai Beach,18:06:00,1
BC49WDS,WDS,BC49,Chennai Fort,18:10:00,2
BC49WDS,WDS,BC49,Chennai Park,18:13:00,3
BC49WDS,WDS,BC49,Chennai Egmore,18:16:00,4
BC49WDS,WDS,BC49,Chetpet,18:20:00,5
BC49WDS,WDS,BC49,Nungambakkam,18:23:00,6
BC49WDS,WDS,BC49,Kodambakkam,18:25:00,7
BC49WDS,WDS,BC49,Mambalam,18:27:00,8
BC49WDS,WDS,BC49,Saidapet,18:30:00,9
BC49WDS,WDS,BC49,Guindy,18:33:00,10
BC49WDS,WDS,BC49,St. Thomas Mount,18:36:00,11
BC49WDS,WDS,BC49,Palavanthangal,18:39:00,12
BC49WDS,WDS,BC49,Minambakkam,18:42:00,13
BC49WDS,WDS,BC49,Tirusulam,18:44:00,14
BC49WDS,WDS,BC49,Pallavaram,18:47:00,15
BC49WDS,WDS,BC49,Chromepet,18:50:00,16
BC49WDS,WDS,BC49,Tambaram Sanatorium,18:53:00,17
BC49WDS,WDS,BC49,Tambaram,19:01:00,18
BTL7WDS,WDS,BTL7,Chennai Beach,18:10:00,1
BTL7WDS,WDS,BTL7,Chennai Fort,18:14:00,2
BTL7WDS,WDS,BTL7,Chennai Park,18:17:00,3
BTL7WDS,WDS,BTL7,Chennai Egmore,18:22:00,4
BTL7WDS,WDS,BTL7,Mambalam,18:29:00,8
BTL7WDS,WDS,BTL7,Guindy,18:34:00,10
BTL7WDS,WDS,BTL7,Tambaram,18:50:00,18
T123WDS,WDS,T123,Chennai Beach,18:15:00,1
T123WDS,WDS,T123,Chennai Fort,18:19:00,2
T123WDS,WDS,T123,Chennai Park,18:22:00,3
T123WDS,WDS,T123,Chennai Egmore,18:25:00,4
T123WDS,WDS,T123,Chetpet,18:29:00,5
T123WDS,WDS,T123,Nungambakkam,18:32:00,6
T123WDS,WDS,T123,Kodambakkam,18:34:00,7
T123WDS,WDS,T123,Mambalam,18:36:00,8
T123WDS,WDS,T123,Saidapet,18:39:00,9
T123WDS,WDS,T123,Guindy,18:42:00,10
T123WDS,WDS,T123,St. Thomas Mount,18:45:00,11
T123WDS,WDS,T123,Palavanthangal,18:48:00,12
T123WDS,WDS,T123,Minambakkam,18:51:00,13
T123WDS,WDS,T123,Tirusulam,18:53:00,14
T123WDS,WDS,T123,Pallavaram,18:56:00,15
T123WDS,WDS,T123,Chromepet,18:59:00,16
T123WDS,WDS,T123,Tambaram Sanatorium,19:02:00,17
T123WDS,WDS,T123,Tambaram,19:10:00,18
T125WDS,WDS,T125,Chennai Beach,18:24:00,1
T125WDS,WDS,T125,Chennai Fort,18:28:00,2
T125WDS,WDS,T125,Chennai Park,18:31:00,3
T125WDS,WDS,T125,Chennai Egmore,18:34:00,4
T125WDS,WDS,T125,Chetpet,18:38:00,5
T125WDS,WDS,T125,Nungambakkam,18:41:00,6
T125WDS,WDS,T125,Kodambakkam,18:43:00,7
T125WDS,WDS,T125,Mambalam,18:45:00,8
T125WDS,WDS,T125,Saidapet,18:48:00,9
T125WDS,WDS,T125,Guindy,18:51:00,10
T125WDS,WDS,T125,St. Thomas Mount,18:54:00,11
T125WDS,WDS,T125,Palavanthangal,18:57:00,12
T125WDS,WDS,T125,Minambakkam,19:00:00,13
T125WDS,WDS,T125,Tirusulam,19:02:00,14
T125WDS,WDS,T125,Pallavaram,19:05:00,15
T125WDS,WDS,T125,Chromepet,19:08:00,16
T125WDS,WDS,T125,Tambaram Sanatorium,19:11:00,17
T125WDS,WDS,T125,Tambaram,19:19:00,18
BC51WDS,WDS,BC51,Chennai Beach,18:30:00,1
BC51WDS,WDS,BC51,Chennai Fort,18:34:00,2
BC51WDS,WDS,BC51,Chennai Park,18:37:00,3
BC51WDS,WDS,BC51,Chennai Egmore,18:42:00,4
BC51WDS,WDS,BC51,Mambalam,18:49:00,8
BC51WDS,WDS,BC51,Guindy,18:54:00,10
BC51WDS,WDS,BC51,Chromepet,19:03:00,16
BC51WDS,WDS,BC51,Tambaram,19:15:00,18
T127WDS,WDS,T127,Chennai Beach,18:35:00,1
T127WDS,WDS,T127,Chennai Fort,18:39:00,2
T127WDS,WDS,T127,Chennai Park,18:42:00,3
T127WDS,WDS,T127,Chennai Egmore,18:45:00,4
T127WDS,WDS,T127,Chetpet,18:49:00,5
T127WDS,WDS,T127,Nungambakkam,18:52:00,6
T127WDS,WDS,T127,Kodambakkam,18:54:00,7
T127WDS,WDS,T127,Mambalam,18:56:00,8
T127WDS,WDS,T127,Saidapet,18:59:00,9
T127WDS,WDS,T127,Guindy,19:02:00,10
T127WDS,WDS,T127,St. Thomas Mount,19:05:00,11
T127WDS,WDS,T127,Palavanthangal,19:08:00,12
T127WDS,WDS,T127,Minambakkam,19:11:00,13
T127WDS,WDS,T127,Tirusulam,19:13:00,14
T127WDS,WDS,T127,Pallavaram,19:16:00,15
T127WDS,WDS,T127,Chromepet,19:19:00,16
T127WDS,WDS,T127,Tambaram Sanatorium,19:22:00,17
T127WDS,WDS,T127,Tambaram,19:30:00,18
BC53WDS,WDS,BC53,Chennai Beach,18:42:00,1
BC53WDS,WDS,BC53,Chennai Fort,18:46:00,2
BC53WDS,WDS,BC53,Chennai Park,18:49:00,3
BC53WDS,WDS,BC53,Chennai Egmore,18:52:00,4
BC53WDS,WDS,BC53,Chetpet,18:56:00,5
BC53WDS,WDS,BC53,Nungambakkam,18:59:00,6
BC53WDS,WDS,BC53,Kodambakkam,19:01:00,7
BC53WDS,WDS,BC53,Mambalam,19:03:00,8
BC53WDS,WDS,BC53,Saidapet,19:06:00,9
BC53WDS,WDS,BC53,Guindy,19:09:00,10
BC53WDS,WDS,BC53,St. Thomas Mount,19:12:00,11
BC53WDS,WDS,BC53,Palavanthangal,19:15:00,12
BC53WDS,WDS,BC53,Minambakkam,19:18:00,13
BC53WDS,WDS,BC53,Tirusulam,19:20:00,14
BC53WDS,WDS,BC53,Pallavaram,19:23:00,15
BC53WDS,WDS,BC53,Chromepet,19:26:00,16
BC53WDS,WDS,BC53,Tambaram Sanatorium,19:29:00,17
BC53WDS,WDS,BC53,Tambaram,19:37:00,18
T129WDS,WDS,T129,Chennai Beach,18:50:00,1
T129WDS,WDS,T129,Chennai Fort,18:54:00,2
T129WDS,WDS,T129,Chennai Park,18:57:00,3
T129WDS,WDS,T129,Chennai Egmore,19:00:00,4
T129WDS,WDS,T129,Chetpet,19:04:00,5
T129WDS,WDS,T129,Nungambakkam,19:07:00,6
T129WDS,WDS,T129,Kodambakkam,19:09:00,7
T129WDS,WDS,T129,Mambalam,19:11:00,8
T129WDS,WDS,T129,Saidapet,19:14:00,9
T129WDS,WDS,T129,Guindy,19:17:00,10
T129WDS,WDS,T129,St. Thomas Mount,19:20:00,11
T129WDS,WDS,T129,Palavanthangal,19:23:00,12
T129WDS,WDS,T129,Minambakkam,19:26:00,13
T129WDS,WDS,T129,Tirusulam,19:28:00,14
T129WDS,WDS,T129,Pallavaram,19:31:00,15
T129WDS,WDS,T129,Chromepet,19:34:00,16
T129WDS,WDS,T129,Tambaram Sanatorium,19:37:00,17
T129WDS,WDS,T129,Tambaram,19:45:00,18
T131WDS,WDS,T131,Chennai Beach,19:00:00,1
T131WDS,WDS,T131,Chennai Fort,19:04:00,2
T131WDS,WDS,T131,Chennai Park,19:07:00,3
T131WDS,WDS,T131,Chennai Egmore,19:10:00,4
T131WDS,WDS,T131,Chetpet,19:14:00,5
T131WDS,WDS,T131,Nungambakkam,19:17:00,6
T131WDS,WDS,T131,Kodambakkam,19:19:00,7
T131WDS,WDS,T131,Mambalam,19:21:00,8
T131WDS,WDS,T131,Saidapet,19:24:00,9
T131WDS,WDS,T131,Guindy,19:27:00,10
T131WDS,WDS,T131,St. Thomas Mount,19:30:00,11
T131WDS,WDS,T131,Palavanthangal,19:33:00,12
T131WDS,WDS,T131,Minambakkam,19:36:00,13
T131WDS,WDS,T131,Tirusulam,19:38:00,14
T131WDS,WDS,T131,Pallavaram,19:41:00,15
T131WDS,WDS,T131,Chromepet,19:44:00,16
T131WDS,WDS,T131,Tambaram Sanatorium,19:47:00,17
T131WDS,WDS,T131,Tambaram,19:55:00,18
BTL9WDS,WDS,BTL9,Chennai Beach,19:08:00,1
BTL9WDS,WDS,BTL9,Chennai Fort,19:12:00,2
BTL9WDS,WDS,BTL9,Chennai Park,19:15:00,3
BTL9WDS,WDS,BTL9,Chennai Egmore,19:18:00,4
BTL9WDS,WDS,BTL9,Chetpet,19:22:00,5
BTL9WDS,WDS,BTL9,Nungambakkam,19:25:00,6
BTL9WDS,WDS,BTL9,Kodambakkam,19:27:00,7
BTL9WDS,WDS,BTL9,Mambalam,19:29:00,8
BTL9WDS,WDS,BTL9,Saidapet,19:32:00,9
BTL9WDS,WDS,BTL9,Guindy,19:35:00,10
BTL9WDS,WDS,BTL9,St. Thomas Mount,19:38:00,11
BTL9WDS,WDS,BTL9,Palavanthangal,19:41:00,12
BTL9WDS,WDS,BTL9,Minambakkam,19:44:00,13
BTL9WDS,WDS,BTL9,Tirusulam,19:46:00,14
BTL9WDS,WDS,BTL9,Pallavaram,19:49:00,15
BTL9WDS,WDS,BTL9,Chromepet,19:52:00,16
BTL9WDS,WDS,BTL9,Tambaram Sanatorium,19:55:00,17
BTL9WDS,WDS,BTL9,Tambaram,20:03:00,18
T133WDS,WDS,T133,Chennai Beach,19:16:00,1
T133WDS,WDS,T133,Chennai Fort,19:20:00,2
T133WDS,WDS,T133,Chennai Park,19:23:00,3
T133WDS,WDS,T133,Chennai Egmore,19:26:00,4
T133WDS,WDS,T133,Chetpet,19:30:00,5
T133WDS,WDS,T133,Nungambakkam,19:33:00,6
T133WDS,WDS,T133,Kodambakkam,19:35:00,7
T133WDS,WDS,T133,Mambalam,19:37:00,8
T133WDS,WDS,T133,Saidapet,19:40:00,9
T133WDS,WDS,T133,Guindy,19:43:00,10
T133WDS,WDS,T133,St. Thomas Mount,19:46:00,11
T133WDS,WDS,T133,Palavanthangal,19:49:00,12
T133WDS,WDS,T133,Minambakkam,19:52:00,13
T133WDS,WDS,T133,Tirusulam,19:54:00,14
T133WDS,WDS,T133,Pallavaram,19:57:00,15
T133WDS,WDS,T133,Chromepet,20:00:00,16
T133WDS,WDS,T133,Tambaram Sanatorium,20:03:00,17
T133WDS,WDS,T133,Tambaram,20:11:00,18
T135WDS,WDS,T135,Chennai Beach,19:24:00,1
T135WDS,WDS,T135,Chennai Fort,19:28:00,2
T135WDS,WDS,T135,Chennai Park,19:31:00,3
T135WDS,WDS,T135,Chennai Egmore,19:34:00,4
T135WDS,WDS,T135,Chetpet,19:38:00,5
T135WDS,WDS,T135,Nungambakkam,19:41:00,6
T135WDS,WDS,T135,Kodambakkam,19:43:00,7
T135WDS,WDS,T135,Mambalam,19:45:00,8
T135WDS,WDS,T135,Saidapet,19:48:00,9
T135WDS,WDS,T135,Guindy,19:51:00,10
T135WDS,WDS,T135,St. Thomas Mount,19:54:00,11
T135WDS,WDS,T135,Palavanthangal,19:57:00,12
T135WDS,WDS,T135,Minambakkam,20:00:00,13
T135WDS,WDS,T135,Tirusulam,20:02:00,14
T135WDS,WDS,T135,Pallavaram,20:05:00,15
T135WDS,WDS,T135,Chromepet,20:08:00,16
T135WDS,WDS,T135,Tambaram Sanatorium,20:11:00,17
T135WDS,WDS,T135,Tambaram,20:19:00,18
BC55WDS,WDS,BC55,Chennai Beach,19:32:00,1
BC55WDS,WDS,BC55,Chennai Fort,19:36:00,2
BC55WDS,WDS,BC55,Chennai Park,19:39:00,3
BC55WDS,WDS,BC55,Chennai Egmore,19:42:00,4
BC55WDS,WDS,BC55,Chetpet,19:46:00,5
BC55WDS,WDS,BC55,Nungambakkam,19:49:00,6
BC55WDS,WDS,BC55,Kodambakkam,19:51:00,7
BC55WDS,WDS,BC55,Mambalam,19:53:00,8
BC55WDS,WDS,BC55,Saidapet,19:56:00,9
BC55WDS,WDS,BC55,Guindy,19:59:00,10
BC55WDS,WDS,BC55,St. Thomas Mount,20:02:00,11
BC55WDS,WDS,BC55,Palavanthangal,20:05:00,12
BC55WDS,WDS,BC55,Minambakkam,20:08:00,13
BC55WDS,WDS,BC55,Tirusulam,20:10:00,14
BC55WDS,WDS,BC55,Pallavaram,20:13:00,15
BC55WDS,WDS,BC55,Chromepet,20:16:00,16
BC55WDS,WDS,BC55,Tambaram Sanatorium,20:19:00,17
BC55WDS,WDS,BC55,Tambaram,20:27:00,18
T137WDS,WDS,T137,Chennai Beach,19:40:00,1
T137WDS,WDS,T137,Chennai Fort,19:44:00,2
T137WDS,WDS,T137,Chennai Park,19:47:00,3
T137WDS,WDS,T137,Chennai Egmore,19:50:00,4
T137WDS,WDS,T137,Chetpet,19:54:00,5
T137WDS,WDS,T137,Nungambakkam,19:57:00,6
T137WDS,WDS,T137,Kodambakkam,19:59:00,7
T137WDS,WDS,T137,Mambalam,20:01:00,8
T137WDS,WDS,T137,Saidapet,20:04:00,9
T137WDS,WDS,T137,Guindy,20:07:00,10
T137WDS,WDS,T137,St. Thomas Mount,20:10:00,11
T137WDS,WDS,T137,Palavanthangal,20:13:00,12
T137WDS,WDS,T137,Minambakkam,20:16:00,13
T137WDS,WDS,T137,Tirusulam,20:18:00,14
T137WDS,WDS,T137,Pallavaram,20:21:00,15
T137WDS,WDS,T137,Chromepet,20:24:00,16
T137WDS,WDS,T137,Tambaram Sanatorium,20:27:00,17
T137WDS,WDS,T137,Tambaram,20:35:00,18
T139WDS,WDS,T139,Chennai Beach,19:50:00,1
T139WDS,WDS,T139,Chennai Fort,19:54:00,2
T139WDS,WDS,T139,Chennai Park,19:57:00,3
T139WDS,WDS,T139,Chennai Egmore,20:00:00,4
T139WDS,WDS,T139,Chetpet,20:04:00,5
T139WDS,WDS,T139,Nungambakkam,20:07:00,6
T139WDS,WDS,T139,Kodambakkam,20:09:00,7
T139WDS,WDS,T139,Mambalam,20:11:00,8
T139WDS,WDS,T139,Saidapet,20:14:00,9
T139WDS,WDS,T139,Guindy,20:17:00,10
T139WDS,WDS,T139,St. Thomas Mount,20:20:00,11
T139WDS,WDS,T139,Palavanthangal,20:23:00,12
T139WDS,WDS,T139,Minambakkam,20:26:00,13
T139WDS,WDS,T139,Tirusulam,20:28:00,14
T139WDS,WDS,T139,Pallavaram,20:31:00,15
T139WDS,WDS,T139,Chromepet,20:34:00,16
T139WDS,WDS,T139,Tambaram Sanatorium,20:37:00,17
T139WDS,WDS,T139,Tambaram,20:45:00,18
T141WDS,WDS,T141,Chennai Beach,20:00:00,1
T141WDS,WDS,T141,Chennai Fort,20:04:00,2
T141WDS,WDS,T141,Chennai Park,20:07:00,3
T141WDS,WDS,T141,Chennai Egmore,20:10:00,4
T141WDS,WDS,T141,Chetpet,20:14:00,5
T141WDS,WDS,T141,Nungambakkam,20:17:00,6
T141WDS,WDS,T141,Kodambakkam,20:19:00,7
T141WDS,WDS,T141,Mambalam,20:21:00,8
T141WDS,WDS,T141,Saidapet,20:24:00,9
T141WDS,WDS,T141,Guindy,20:27:00,10
T141WDS,WDS,T141,St. Thomas Mount,20:30:00,11
T141WDS,WDS,T141,Palavanthangal,20:33:00,12
T141WDS,WDS,T141,Minambakkam,20:36:00,13
T141WDS,WDS,T141,Tirusulam,20:38:00,14
T141WDS,WDS,T141,Pallavaram,20:41:00,15
T141WDS,WDS,T141,Chromepet,20:44:00,16
T141WDS,WDS,T141,Tambaram Sanatorium,20:47:00,17
T141WDS,WDS,T141,Tambaram,20:55:00,18
T143WDS,WDS,T143,Chennai Beach,20:10:00,1
T143WDS,WDS,T143,Chennai Fort,20:14:00,2
T143WDS,WDS,T143,Chennai Park,20:17:00,3
T143WDS,WDS,T143,Chennai Egmore,20:20:00,4
T143WDS,WDS,T143,Chetpet,20:24:00,5
T143WDS,WDS,T143,Nungambakkam,20:27:00,6
T143WDS,WDS,T143,Kodambakkam,20:29:00,7
T143WDS,WDS,T143,Mambalam,20:31:00,8
T143WDS,WDS,T143,Saidapet,20:34:00,9
T143WDS,WDS,T143,Guindy,20:37:00,10
T143WDS,WDS,T143,St. Thomas Mount,20:40:00,11
T143WDS,WDS,T143,Palavanthangal,20:43:00,12
T143WDS,WDS,T143,Minambakkam,20:46:00,13
T143WDS,WDS,T143,Tirusulam,20:48:00,14
T143WDS,WDS,T143,Pallavaram,20:51:00,15
T143WDS,WDS,T143,Chromepet,20:54:00,16
T143WDS,WDS,T143,Tambaram Sanatorium,20:57:00,17
T143WDS,WDS,T143,Tambaram,21:05:00,18
BC57WDS,WDS,BC57,Chennai Beach,20:15:00,1
BC57WDS,WDS,BC57,Chennai Fort,20:19:00,2
BC57WDS,WDS,BC57,Chennai Park,20:22:00,3
BC57WDS,WDS,BC57,Chennai Egmore,20:25:00,4
BC57WDS,WDS,BC57,Chetpet,20:29:00,5
BC57WDS,WDS,BC57,Nungambakkam,20:32:00,6
BC57WDS,WDS,BC57,Kodambakkam,20:34:00,7
BC57WDS,WDS,BC57,Mambalam,20:36:00,8
BC57WDS,WDS,BC57,Saidapet,20:39:00,9
BC57WDS,WDS,BC57,Guindy,20:42:00,10
BC57WDS,WDS,BC57,St. Thomas Mount,20:45:00,11
BC57WDS,WDS,BC57,Palavanthangal,20:48:00,12
BC57WDS,WDS,BC57,Minambakkam,20:51:00,13
BC57WDS,WDS,BC57,Tirusulam,20:53:00,14
BC57WDS,WDS,BC57,Pallavaram,20:56:00,15
BC57WDS,WDS,BC57,Chromepet,20:59:00,16
BC57WDS,WDS,BC57,Tambaram Sanatorium,21:02:00,17
BC57WDS,WDS,BC57,Tambaram,21:10:00,18
BTL11WDS,WDS,BTL11,Chennai Beach,20:20:00,1
BTL11WDS,WDS,BTL11,Chennai Fort,20:24:00,2
BTL11WDS,WDS,BTL11,Chennai Park,20:27:00,3
BTL11WDS,WDS,BTL11,Chennai Egmore,20:32:00,4
BTL11WDS,WDS,BTL11,Mambalam,20:39:00,8
BTL11WDS,WDS,BTL11,Guindy,20:44:00,10
BTL11WDS,WDS,BTL11,Tambaram,21:05:00,18
T145WDS,WDS,T145,Chennai Beach,20:30:00,1
T145WDS,WDS,T145,Chennai Fort,20:34:00,2
T145WDS,WDS,T145,Chennai Park,20:37:00,3
T145WDS,WDS,T145,Chennai Egmore,20:40:00,4
T145WDS,WDS,T145,Chetpet,20:44:00,5
T145WDS,WDS,T145,Nungambakkam,20:47:00,6
T145WDS,WDS,T145,Kodambakkam,20:49:00,7
T145WDS,WDS,T145,Mambalam,20:51:00,8
T145WDS,WDS,T145,Saidapet,20:54:00,9
T145WDS,WDS,T145,Guindy,20:57:00,10
T145WDS,WDS,T145,St. Thomas Mount,21:00:00,11
T145WDS,WDS,T145,Palavanthangal,21:03:00,12
T145WDS,WDS,T145,Minambakkam,21:06:00,13
T145WDS,WDS,T145,Tirusulam,21:08:00,14
T145WDS,WDS,T145,Pallavaram,21:11:00,15
T145WDS,WDS,T145,Chromepet,21:14:00,16
T145WDS,WDS,T145,Tambaram Sanatorium,21:17:00,17
T145WDS,WDS,T145,Tambaram,21:25:00,18
T147WDS,WDS,T147,Chennai Beach,20:40:00,1
T147WDS,WDS,T147,Chennai Fort,20:44:00,2
T147WDS,WDS,T147,Chennai Park,20:47:00,3
T147WDS,WDS,T147,Chennai Egmore,20:50:00,4
T147WDS,WDS,T147,Chetpet,20:54:00,5
T147WDS,WDS,T147,Nungambakkam,20:57:00,6
T147WDS,WDS,T147,Kodambakkam,20:59:00,7
T147WDS,WDS,T147,Mambalam,21:01:00,8
T147WDS,WDS,T147,Saidapet,21:04:00,9
T147WDS,WDS,T147,Guindy,21:07:00,10
T147WDS,WDS,T147,St. Thomas Mount,21:10:00,11
T147WDS,WDS,T147,Palavanthangal,21:13:00,12
T147WDS,WDS,T147,Minambakkam,21:16:00,13
T147WDS,WDS,T147,Tirusulam,21:18:00,14
T147WDS,WDS,T147,Pallavaram,21:21:00,15
T147WDS,WDS,T147,Chromepet,21:24:00,16
T147WDS,WDS,T147,Tambaram Sanatorium,21:27:00,17
T147WDS,WDS,T147,Tambaram,21:35:00,18
BC59WDS,WDS,BC59,Chennai Beach,20:50:00,1
BC59WDS,WDS,BC59,Chennai Fort,20:54:00,2
BC59WDS,WDS,BC59,Chennai Park,20:57:00,3
BC59WDS,WDS,BC59,Chennai Egmore,21:00:00,4
BC59WDS,WDS,BC59,Chetpet,21:04:00,5
BC59WDS,WDS,BC59,Nungambakkam,21:07:00,6
BC59WDS,WDS,BC59,Kodambakkam,21:09:00,7
BC59WDS,WDS,BC59,Mambalam,21:11:00,8
BC59WDS,WDS,BC59,Saidapet,21:14:00,9
BC59WDS,WDS,BC59,Guindy,21:17:00,10
BC59WDS,WDS,BC59,St. Thomas Mount,21:20:00,11
BC59WDS,WDS,BC59,Palavanthangal,21:23:00,12
BC59WDS,WDS,BC59,Minambakkam,21:26:00,13
BC59WDS,WDS,BC59,Tirusulam,21:28:00,14
BC59WDS,WDS,BC59,Pallavaram,21:31:00,15
BC59WDS,WDS,BC59,Chromepet,21:34:00,16
BC59WDS,WDS,BC59,Tambaram Sanatorium,21:37:00,17
BC59WDS,WDS,BC59,Tambaram,21:45:00,18
T149WDS,WDS,T149,Chennai Beach,21:00:00,1
T149WDS,WDS,T149,Chennai Fort,21:04:00,2
T149WDS,WDS,T149,Chennai Park,21:07:00,3
T149WDS,WDS,T149,Chennai Egmore,21:10:00,4
T149WDS,WDS,T149,Chetpet,21:14:00,5
T149WDS,WDS,T149,Nungambakkam,21:17:00,6
T149WDS,WDS,T149,Kodambakkam,21:19:00,7
T149WDS,WDS,T149,Mambalam,21:21:00,8
T149WDS,WDS,T149,Saidapet,21:24:00,9
T149WDS,WDS,T149,Guindy,21:27:00,10
T149WDS,WDS,T149,St. Thomas Mount,21:30:00,11
T149WDS,WDS,T149,Palavanthangal,21:33:00,12
T149WDS,WDS,T149,Minambakkam,21:36:00,13
T149WDS,WDS,T149,Tirusulam,21:38:00,14
T149WDS,WDS,T149,Pallavaram,21:41:00,15
T149WDS,WDS,T149,Chromepet,21:44:00,16
T149WDS,WDS,T149,Tambaram Sanatorium,21:47:00,17
T149WDS,WDS,T149,Tambaram,21:55:00,18
T151WDS,WDS,T151,Chennai Beach,21:10:00,1
T151WDS,WDS,T151,Chennai Fort,21:14:00,2
T151WDS,WDS,T151,Chennai Park,21:17:00,3
T151WDS,WDS,T151,Chennai Egmore,21:20:00,4
T151WDS,WDS,T151,Chetpet,21:24:00,5
T151WDS,WDS,T151,Nungambakkam,21:27:00,6
T151WDS,WDS,T151,Kodambakkam,21:29:00,7
T151WDS,WDS,T151,Mambalam,21:31:00,8
T151WDS,WDS,T151,Saidapet,21:34:00,9
T151WDS,WDS,T151,Guindy,21:37:00,10
T151WDS,WDS,T151,St. Thomas Mount,21:40:00,11
T151WDS,WDS,T151,Palavanthangal,21:43:00,12
T151WDS,WDS,T151,Minambakkam,21:46:00,13
T151WDS,WDS,T151,Tirusulam,21:48:00,14
T151WDS,WDS,T151,Pallavaram,21:51:00,15
T151WDS,WDS,T151,Chromepet,21:54:00,16
T151WDS,WDS,T151,Tambaram Sanatorium,21:57:00,17
T151WDS,WDS,T151,Tambaram,22:05:00,18
BC61WDS,WDS,BC61,Chennai Beach,21:20:00,1
BC61WDS,WDS,BC61,Chennai Fort,21:24:00,2
BC61WDS,WDS,BC61,Chennai Park,21:27:00,3
BC61WDS,WDS,BC61,Chennai Egmore,21:30:00,4
BC61WDS,WDS,BC61,Chetpet,21:34:00,5
BC61WDS,WDS,BC61,Nungambakkam,21:37:00,6
BC61WDS,WDS,BC61,Kodambakkam,21:39:00,7
BC61WDS,WDS,BC61,Mambalam,21:41:00,8
BC61WDS,WDS,BC61,Saidapet,21:44:00,9
BC61WDS,WDS,BC61,Guindy,21:47:00,10
BC61WDS,WDS,BC61,St. Thomas Mount,21:50:00,11
BC61WDS,WDS,BC61,Palavanthangal,21:53:00,12
BC61WDS,WDS,BC61,Minambakkam,21:56:00,13
BC61WDS,WDS,BC61,Tirusulam,21:58:00,14
BC61WDS,WDS,BC61,Pallavaram,22:01:00,15
BC61WDS,WDS,BC61,Chromepet,22:04:00,16
BC61WDS,WDS,BC61,Tambaram Sanatorium,22:07:00,17
BC61WDS,WDS,BC61,Tambaram,22:15:00,18
T153WDS,WDS,T153,Chennai Beach,21:30:00,1
T153WDS,WDS,T153,Chennai Fort,21:34:00,2
T153WDS,WDS,T153,Chennai Park,21:37:00,3
T153WDS,WDS,T153,Chennai Egmore,21:40:00,4
T153WDS,WDS,T153,Chetpet,21:44:00,5
T153WDS,WDS,T153,Nungambakkam,21:47:00,6
T153WDS,WDS,T153,Kodambakkam,21:49:00,7
T153WDS,WDS,T153,Mambalam,21:51:00,8
T153WDS,WDS,T153,Saidapet,21:54:00,9
T153WDS,WDS,T153,Guindy,21:57:00,10
T153WDS,WDS,T153,St. Thomas Mount,22:00:00,11
T153WDS,WDS,T153,Palavanthangal,22:03:00,12
T153WDS,WDS,T153,Minambakkam,22:06:00,13
T153WDS,WDS,T153,Tirusulam,22:08:00,14
T153WDS,WDS,T153,Pallavaram,22:11:00,15
T153WDS,WDS,T153,Chromepet,22:14:00,16
T153WDS,WDS,T153,Tambaram Sanatorium,22:17:00,17
T153WDS,WDS,T153,Tambaram,22:25:00,18
BC63WDS,WDS,BC63,Chennai Beach,21:45:00,1
BC63WDS,WDS,BC63,Chennai Fort,21:49:00,2
BC63WDS,WDS,BC63,Chennai Park,21:52:00,3
BC63WDS,WDS,BC63,Chennai Egmore,21:55:00,4
BC63WDS,WDS,BC63,Chetpet,21:59:00,5
BC63WDS,WDS,BC63,Nungambakkam,22:02:00,6
BC63WDS,WDS,BC63,Kodambakkam,22:04:00,7
BC63WDS,WDS,BC63,Mambalam,22:06:00,8
BC63WDS,WDS,BC63,Saidapet,22:09:00,9
BC63WDS,WDS,BC63,Guindy,22:12:00,10
BC63WDS,WDS,BC63,St. Thomas Mount,22:15:00,11
BC63WDS,WDS,BC63,Palavanthangal,22:18:00,12
BC63WDS,WDS,BC63,Minambakkam,22:21:00,13
BC63WDS,WDS,BC63,Tirusulam,22:23:00,14
BC63WDS,WDS,BC63,Pallavaram,22:26:00,15
BC63WDS,WDS,BC63,Chromepet,22:29:00,16
BC63WDS,WDS,BC63,Tambaram Sanatorium,22:32:00,17
BC63WDS,WDS,BC63,Tambaram,22:40:00,18
T155WDS,WDS,T155,Chennai Beach,22:05:00,1
T155WDS,WDS,T155,Chennai Fort,22:09:00,2
T155WDS,WDS,T155,Chennai Park,22:12:00,3
T155WDS,WDS,T155,Chennai Egmore,22:15:00,4
T155WDS,WDS,T155,Chetpet,22:19:00,5
T155WDS,WDS,T155,Nungambakkam,22:22:00,6
T155WDS,WDS,T155,Kodambakkam,22:24:00,7
T155WDS,WDS,T155,Mambalam,22:26:00,8
T155WDS,WDS,T155,Saidapet,22:29:00,9
T155WDS,WDS,T155,Guindy,22:32:00,10
T155WDS,WDS,T155,St. Thomas Mount,22:35:00,11
T155WDS,WDS,T155,Palavanthangal,22:38:00,12
T155WDS,WDS,T155,Minambakkam,22:41:00,13
T155WDS,WDS,T155,Tirusulam,22:43:00,14
T155WDS,WDS,T155,Pallavaram,22:46:00,15
T155WDS,WDS,T155,Chromepet,22:49:00,16
T155WDS,WDS,T155,Tambaram Sanatorium,22:52:00,17
T155WDS,WDS,T155,Tambaram,23:00:00,18
T157WDS,WDS,T157,Chennai Beach,22:25:00,1
T157WDS,WDS,T157,Chennai Fort,22:29:00,2
T157WDS,WDS,T157,Chennai Park,22:32:00,3
T157WDS,WDS,T157,Chennai Egmore,22:35:00,4
T157WDS,WDS,T157,Chetpet,22:39:00,5
T157WDS,WDS,T157,Nungambakkam,22:42:00,6
T157WDS,WDS,T157,Kodambakkam,22:44:00,7
T157WDS,WDS,T157,Mambalam,22:46:00,8
T157WDS,WDS,T157,Saidapet,22:49:00,9
T157WDS,WDS,T157,Guindy,22:52:00,10
T157WDS,WDS,T157,St. Thomas Mount,22:55:00,11
T157WDS,WDS,T157,Palavanthangal,22:58:00,12
T157WDS,WDS,T157,Minambakkam,23:01:00,13
T157WDS,WDS,T157,Tirusulam,23:03:00,14
T157WDS,WDS,T157,Pallavaram,23:06:00,15
T157WDS,WDS,T157,Chromepet,23:09:00,16
T157WDS,WDS,T157,Tambaram Sanatorium,23:12:00,17
T157WDS,WDS,T157,Tambaram,23:20:00,18
BC65WDS,WDS,BC65,Chennai Beach,22:45:00,1
BC65WDS,WDS,BC65,Chennai Fort,22:49:00,2
BC65WDS,WDS,BC65,Chennai Park,22:52:00,3
BC65WDS,WDS,BC65,Chennai Egmore,22:55:00,4
BC65WDS,WDS,BC65,Chetpet,22:59:00,5
BC65WDS,WDS,BC65,Nungambakkam,23:02:00,6
BC65WDS,WDS,BC65,Kodambakkam,23:04:00,7
BC65WDS,WDS,BC65,Mambalam,23:06:00,8
BC65WDS,WDS,BC65,Saidapet,23:09:00,9
BC65WDS,WDS,BC65,Guindy,23:12:00,10
BC65WDS,WDS,BC65,St. Thomas Mount,23:15:00,11
BC65WDS,WDS,BC65,Palavanthangal,23:18:00,12
BC65WDS,WDS,BC65,Minambakkam,23:21:00,13
BC65WDS,WDS,BC65,Tirusulam,23:23:00,14
BC65WDS,WDS,BC65,Pallavaram,23:26:00,15
BC65WDS,WDS,BC65,Chromepet,23:29:00,16
BC65WDS,WDS,BC65,Tambaram Sanatorium,23:32:00,17
BC65WDS,WDS,BC65,Tambaram,23:40:00,18
T159WDS,WDS,T159,Chennai Beach,23:05:00,1
T159WDS,WDS,T159,Chennai Fort,23:09:00,2
T159WDS,WDS,T159,Chennai Park,23:12:00,3
T159WDS,WDS,T159,Chennai Egmore,23:15:00,4
T159WDS,WDS,T159,Chetpet,23:19:00,5
T159WDS,WDS,T159,Nungambakkam,23:22:00,6
T159WDS,WDS,T159,Kodambakkam,23:24:00,7
T159WDS,WDS,T159,Mambalam,23:26:00,8
T159WDS,WDS,T159,Saidapet,23:29:00,9
T159WDS,WDS,T159,Guindy,23:32:00,10
T159WDS,WDS,T159,St. Thomas Mount,23:35:00,11
T159WDS,WDS,T159,Palavanthangal,23:38:00,12
T159WDS,WDS,T159,Minambakkam,23:41:00,13
T159WDS,WDS,T159,Tirusulam,23:43:00,14
T159WDS,WDS,T159,Pallavaram,23:46:00,15
T159WDS,WDS,T159,Chromepet,23:49:00,16
T159WDS,WDS,T159,Tambaram Sanatorium,23:52:00,17
T159WDS,WDS,T159,Tambaram,00:00:00,18
T161WDS,WDS,T161,Chennai Beach,23:30:00,1
T161WDS,WDS,T161,Chennai Fort,23:34:00,2
T161WDS,WDS,T161,Chennai Park,23:37:00,3
T161WDS,WDS,T161,Chennai Egmore,23:40:00,4
T161WDS,WDS,T161,Chetpet,23:44:00,5
T161WDS,WDS,T161,Nungambakkam,23:47:00,6
T161WDS,WDS,T161,Kodambakkam,23:49:00,7
T161WDS,WDS,T161,Mambalam,23:51:00,8
T161WDS,WDS,T161,Saidapet,23:54:00,9
T161WDS,WDS,T161,Guindy,23:57:00,10
T161WDS,WDS,T161,St. Thomas Mount,00:00:00,11
T161WDS,WDS,T161,Palavanthangal,00:03:00,12
T161WDS,WDS,T161,Minambakkam,00:06:00,13
T161WDS,WDS,T161,Tirusulam,00:08:00,14
T161WDS,WDS,T161,Pallavaram,00:11:00,15
T161WDS,WDS,T161,Chromepet,00:14:00,16
T161WDS,WDS,T161,Tambaram Sanatorium,00:17:00,17
T161WDS,WDS,T161,Tambaram,00:25:00,18
T163WDS,WDS,T163,Chennai Beach,23:59:00,1
T163WDS,WDS,T163,Chennai Fort,00:03:00,2
T163WDS,WDS,T163,Chennai Park,00:06:00,3
T163WDS,WDS,T163,Chennai Egmore,00:09:00,4
T163WDS,WDS,T163,Chetpet,00:13:00,5
T163WDS,WDS,T163,Nungambakkam,00:16:00,6
T163WDS,WDS,T163,Kodambakkam,00:18:00,7
T163WDS,WDS,T163,Mambalam,00:20:00,8
T163WDS,WDS,T163,Saidapet,00:23:00,9
T163WDS,WDS,T163,Guindy,00:26:00,10
T163WDS,WDS,T163,St. Thomas Mount,00:29:00,11
T163WDS,WDS,T163,Palavanthangal,00:32:00,12
T163WDS,WDS,T163,Minambakkam,00:35:00,13
T163WDS,WDS,T163,Tirusulam,00:37:00,14
T163WDS,WDS,T163,Pallavaram,00:40:00,15
T163WDS,WDS,T163,Chromepet,00:43:00,16
T163WDS,WDS,T163,Tambaram Sanatorium,00:46:00,17
T163WDS,WDS,T163,Tambaram,00:54:00,18
